cookie_id,score
ck_00013fdfa0bd37dd,0.006296618233445434
ck_001e42551cd06e40,0.006746848218409619
ck_0027b5d4107d65d8,0.0357685864427839
ck_0027ba644f9ae2cd,0.09556796999498987
ck_002cf760d173f0f8,0.03401179193680238
ck_002eb6552b504ea1,0.013742455853211561
ck_003148504557f720,0.09416256218944041
ck_0034d010d28aea78,0.003532414013804736
ck_003aa842b7ca1d77,0.40433575701097235
ck_00480407160e0743,0.004996693920254346
ck_004de16f7d8a42ae,0.011056216624143326
ck_004efa95555437e9,0.002653534566362634
ck_004fe0daecbe2c1a,0.003465814554863607
ck_0063d2a9507467e5,0.0020455367071670083
ck_007337aa99a4891e,0.0014955870875200145
ck_0084d8ab6b1044f3,0.002301276764246519
ck_00a07fc2a9183c3a,0.001631876131698663
ck_00aa5fc3b3bc66aa,0.08803922280817993
ck_00b9818e2064405e,0.3541445495422804
ck_00bd7803f2530c68,0.017200488131721994
ck_00d1ebc31ec4653c,0.018729766988723254
ck_00d6730134a1eb51,0.01476630303685242
ck_00dafc060c8de32a,0.009405911909700719
ck_00f9ca84d1d8ae7a,0.0012039654188236144
ck_00ff7389d6a83e29,0.05708953843651243
ck_010264ae04f2e902,0.06212213481799998
ck_010d0c2e6c1657fd,0.05464018171983876
ck_011551a596544f5d,0.004157269681053505
ck_012519bb095ad36b,0.989983838304905
ck_01645ea51972e99a,0.013375950598035743
ck_016e8c8eaf9d511b,0.03603465451201299
ck_017208fcc01b5d40,0.008770518922798365
ck_0174d76398d9dc0f,0.027707070575080758
ck_018f780215ecaf38,0.01177738324768616
ck_019d5891103e7da3,0.007668975220168856
ck_01a750db6fc1168a,0.06461372831565532
ck_01ac687ce0d696a7,0.043192744969867025
ck_01c1f06692566ca1,0.03878565176054135
ck_01c631b38e8a9535,0.024828157210627994
ck_01d840cffb870615,0.3504957565378131
ck_01e0689157fe9617,0.3477045873810044
ck_01e5986ebb9a78f1,0.02887568513154377
ck_01e7960c63dca3a4,0.8752413658575878
ck_01eb24c18ad11fca,0.029866187495297715
ck_01ef1036b2e66a4b,0.004709614098326363
ck_01fbafc42c8e33f5,0.008231804063246327
ck_02028b72f26fe855,0.017722026421790514
ck_020eb0e454524ecd,0.002361605001967753
ck_021c6a4a7e3f1f0e,0.0018100366866354422
ck_02241f3dc301bebf,0.007009799793946056
ck_0229a07185f15469,0.009685090572690368
ck_022a8ae79eb28cf6,0.9329420976793138
ck_023908db0a193076,0.13246365740393953
ck_024dcab126876002,0.012839771632721132
ck_0253b3e7be021306,0.0016397744811995163
ck_0259da8f109017e9,0.006896016135332322
ck_0274d881d6db82c8,0.007433470070850486
ck_027614eeba8b1a4b,0.016727465479737746
ck_0284dc2b4f856b3a,0.4499365112668172
ck_028c41b195280980,0.00529101590534148
ck_02903c48b6cfd65d,0.0045974091098214525
ck_02a8582c2603e675,0.0062537452233985295
ck_02a9104419a6dbaf,0.016768747525019542
ck_02adda6e91e49650,0.03905542315224399
ck_02b9f418524f6650,0.020020485380797915
ck_02d4cef6358ad3b7,0.009064909958672901
ck_02dbabda93c8c13d,0.030073207322278615
ck_02e5f9cbbbf2f078,0.03668412652480517
ck_02ec4e06709e6b82,0.00278805699352922
ck_03009b721568ee98,0.012082516649856498
ck_0302f67d75973dce,0.0070213434631300215
ck_0308e0602b856445,0.005347154270265032
ck_030cf09525dba4ba,0.0026245070916295675
ck_03129b41457795d2,0.03427893659922063
ck_0324a4812ec319c6,0.031052245952731497
ck_032880f1114dd51c,0.049344239421499625
ck_0348cc6908f7f3af,0.0005428844151317145
ck_039e6d5a330cea1a,0.14310264858580754
ck_03be334935e999a2,0.008042052619574106
ck_03c4fa4f3ed3512e,0.004620564303826338
ck_03d3026107175dae,0.019336257393518484
ck_03e904682dc73bba,0.02499997629290269
ck_03f6664a96de7d0f,0.023668320004811744
ck_0406931800e0e2e6,0.006956281309556182
ck_0414507baeea936a,0.008351101231323427
ck_041614694b77e599,0.0036464293789739283
ck_04212a9bb9b28696,0.9972835052236318
ck_04219a7ea798db51,0.03701932170036871
ck_0428728df24cdab4,0.004134084394289684
ck_0446920a1004c596,0.001648505842318426
ck_04470bc93b8a0d71,0.007729383214284486
ck_044fa3b3a003f0b5,0.032196454133985024
ck_04a1a46f07885296,0.024119247498410826
ck_04bd8a1ffaf3ffd8,0.0019303620003473948
ck_04d2ea38ee27770f,0.002036591807422619
ck_04e32ee9834c088d,0.34964380353498786
ck_04e40f556a5062ef,0.005651580934908846
ck_04e89fbd739243fa,0.002026157829867674
ck_04fb61e5739642f8,0.11857059880644127
ck_0508908697f60ce3,0.19043718149167374
ck_0525349f3945375b,0.03587017214184875
ck_053746067839696b,0.00764208917090616
ck_054ed4288ee58d6e,0.05125744589762195
ck_055fb9f2e1c8c934,0.07065630104340036
ck_05652e8ace6ce6cb,0.002860363250708428
ck_0567302c57a2417e,0.1316723466758854
ck_056d5f0301c30902,0.10223083123541359
ck_0576b00d728bdf19,0.056284099148422105
ck_0593ae243a9ebee9,0.01935848271927059
ck_0595c2a0c7881e05,0.017473617704992846
ck_059806c52cebe4f1,0.2164058227031135
ck_059e4fac6b7f704e,0.006271586401138991
ck_05a00b1dd5a03359,0.011005258293331245
ck_05ab5b03d0bf9ce4,0.2668669865193881
ck_05b2b04e11d9ae9c,0.014166512064509503
ck_05c4dcbb45de1f8d,0.0037750254928018913
ck_05c97fc9de11aba6,0.09929263646321482
ck_05d44eb1f5f085ce,0.01585894327303226
ck_05d81b1a150f31c5,0.0014849813916270294
ck_05e01ab9c95449da,0.04069012844030504
ck_05ea4440dac6cfad,0.015314067875224562
ck_05ed92a7c3e10e5d,0.023672313723593925
ck_05f375fc8ae0afb0,0.010855061143213033
ck_05f79ddd8eefaa56,0.011878798875474545
ck_06010f0df5b7cef8,0.08461851429200938
ck_062754f8b79b86e5,0.001755700183840238
ck_06280e6d6d2485b0,0.003141279934044108
ck_064013b0957d87a5,0.9978746098010777
ck_064b2aa3f0bfdb6e,0.00662976452271252
ck_069d158665a53909,0.009541110684533873
ck_06aee5a62a67a84c,0.07516528655983744
ck_06d0e4a9189302a9,0.04191154001314539
ck_06e73afdec26aecc,0.08289860001735995
ck_06f042e9b1b662fd,0.05780271840894421
ck_071ddaaf2e4e3671,0.013078787747122496
ck_0734fd90b2cabd43,0.007922250251021671
ck_073509af21dd7f5f,0.5899328550405384
ck_073da541ec3f9d3d,0.008858292256560036
ck_0742fe64055d686f,0.0022744931057737798
ck_074be35c951ae10a,0.013706902031684428
ck_074f20921189e7d6,0.007973047743375157
ck_076cbc25c8f15fc3,0.9141322351521202
ck_07840bba5570785b,0.016423827791217278
ck_0789a05e061b2784,0.5428397822167118
ck_0789ff4562202b20,0.017138839027125166
ck_079bd18dacb704a8,0.1457569656852798
ck_07a5610ed28162fb,0.015070351016267306
ck_07cb2b6f2a4303e1,0.04317936924289954
ck_07f1734be7fac56a,0.030914957654121698
ck_083e4ac78685c3bb,0.03913131658954268
ck_0841a5c24fd3dd28,0.056500424568036105
ck_084322dc5a3a86f0,0.009621974706963354
ck_084a85145c15ed77,0.011710284386438832
ck_084cd84501012218,0.6389077386746645
ck_085d8c42739e2b10,0.9988838895833911
ck_086d29ccae565e5d,0.0008317329216152554
ck_089e3a07abbe3b8f,0.004891530026156277
ck_08a0355d1f1890ef,0.0033246713963652006
ck_08a6d4903a7fbaca,0.007647411481482115
ck_08b4619490e751a8,0.9448436828385801
ck_08b77ad5f8f73007,0.023849564220415526
ck_08c6cc1e143475e3,0.004091867276128396
ck_08c7bb0f9851cb76,0.06796973348785768
ck_08dba09fd7dab896,0.03933155173525525
ck_08fb463e69f647c8,0.9898495088161471
ck_08ff5bd467226a5f,0.0012144427966822794
ck_09054e97bdf9624e,0.0010893984922746805
ck_09169f22194fd6aa,0.11279653298070166
ck_093e3a7134e11d6b,0.008137728685319248
ck_0943e0f305078e34,0.9504756713387383
ck_094974d75e29fb2f,0.11277403320747927
ck_094d10439b7b4eac,0.002316084612829229
ck_09748dfe4df3d540,0.001506612503566579
ck_098167eaf124c279,0.04905243899375484
ck_09a988ebcf062297,0.06913083546546973
ck_09aadb4c41b166f1,0.21315940348405316
ck_09b0d8af304646bd,0.0014833873108530363
ck_09cd5c4df1e81ac2,0.0799153425531022
ck_09e9c51eb538b255,0.013195121415267972
ck_09f8f51bfd2492c6,0.009108950885999735
ck_09faa4e771cf876b,0.010488401693081725
ck_09fab6b9825001b2,0.0051588824763302175
ck_09fd43f1b7e2eca2,0.0034156425858356647
ck_0a0cd7f4be606a93,0.1063742512752728
ck_0a2b7078736b4dda,0.006874580803262608
ck_0a2f8b2f8a5b6f02,0.013142753553210478
ck_0a45d033d4e280ea,0.0314110541541585
ck_0a4d7acd2a53cbbd,0.010899397927963485
ck_0a4e191cd0a57ce1,0.0025004991105470778
ck_0a7adc2f27f98510,0.14905810545357756
ck_0a7ba51d626e932a,0.02590136235253788
ck_0a8029e79a5ae7ce,0.02240220443362337
ck_0a921a73a90c2e39,0.03874843659433814
ck_0a93ed76bf36c8b6,0.023316854064048237
ck_0a993bc947bab61f,0.07102914816521279
ck_0aa9db36eb16422a,0.0018519401258645794
ck_0aaaa9d2f75a0518,0.016807346950824996
ck_0ac9114076f5bf3d,0.00949719506834199
ck_0ac9848bd4ba0c14,0.001655211630415658
ck_0acc3d8c67218b9d,0.0070893750664399536
ck_0ad6fa0e23c3bd0a,0.15052595269764754
ck_0ada63008be5685a,0.04739484164112036
ck_0ada6fed1864e7c4,0.0464314086000417
ck_0adcb1fffcb0a34b,0.025319417851294716
ck_0add2c321d579d75,0.022497156171538826
ck_0af18b3ce015d294,0.0052532348697618084
ck_0af3c13ba56ce57c,0.005215527033162244
ck_0af57ebaa45877a1,0.0019585231332373497
ck_0af5b7d128035b35,0.03853653232005537
ck_0afa4449f20d5196,0.013534869922802773
ck_0b0c93039f987abc,0.02986905308468532
ck_0b0e79d33e50cba5,0.0030982094928405294
ck_0b1d84252c0b46c2,0.005001861936555215
ck_0b20bfc515ba42a2,0.05699809343582888
ck_0b259620eac51618,0.009639302734301199
ck_0b2eeb4e00ff7955,0.032568129305087484
ck_0b34197335ba3341,0.027066406389657304
ck_0b3c3bea0e0ed339,0.017699071771116764
ck_0b615ed566da1f58,0.012063846940869734
ck_0b8b7c5c581fd161,0.002260193040940406
ck_0b9fcff9667ec05a,0.005962064145625557
ck_0bd77fea8ed75a15,0.017204594536528364
ck_0bf2e13b9f2601ac,0.04966932578654653
ck_0bf35dcf7b38f650,0.00225189582449393
ck_0bf48607a874b4d1,0.004957165189648122
ck_0bfc394c5faa65cb,0.0685987557315133
ck_0bfe62e0c7eab9c9,0.0185354625752347
ck_0c0dde42ab64ef87,0.013746742347562844
ck_0c1f088e17e46daf,0.013152920910253302
ck_0c2932cc0d553694,0.030323713685057988
ck_0c3dd22587b08018,0.007334704854980295
ck_0c45e54897ab34e2,0.07007669363907336
ck_0c533ff2d0f9962a,0.02129262179314119
ck_0c5ba86f4e05b38d,0.011295236350473022
ck_0c6a50d747593b7b,0.011661616270280027
ck_0c6e7bd357e4a348,0.0011342300627750098
ck_0c9e420f97baaa06,0.8606063419915901
ck_0cb9f54928f4feee,0.014339032810389849
ck_0cbd3b27063d4415,0.11291361281430268
ck_0cd8802264e0a1ef,0.00861034781210151
ck_0cf220816e320ac5,0.0029476135496934036
ck_0cff8153881875ba,0.01695739619384354
ck_0d0a1a021efea5b6,0.03247819667688557
ck_0d16d9349e4a9e08,0.014809937468512176
ck_0d2901bfe585c391,0.024240695724531035
ck_0d33977c3de8cfaf,0.9883240824072271
ck_0d362ddb4a1cb6d4,0.03735678636929645
ck_0d40961e47797027,0.0047476112945006085
ck_0d4dfd93086e7330,0.03828446746637197
ck_0d5c0736ec76385a,0.00041152127991819066
ck_0d641d32658d6e0f,0.0015854989173821263
ck_0d65bc749eb42710,0.0738457284625581
ck_0d846660c7957a88,0.005885456207277823
ck_0dae4a7eb587f3ba,0.007184706630830578
ck_0daec63bd5b0729d,0.016858148042529553
ck_0db62d5f7f75f80f,0.020587042414352146
ck_0dbefdac0a1868fb,0.00949240643543898
ck_0dc1e536231c4860,0.011250798584060574
ck_0dd417fcbf19e424,0.017912909803617018
ck_0dd7c5925d28755c,0.0054100424292076715
ck_0dda35c0c64c7073,0.8927312114398929
ck_0deb56f3f6452818,0.0045822017435598935
ck_0e0919292ad33472,0.3185382436658418
ck_0e0bab173622db9b,0.02919661006905845
ck_0e13c4f73818149b,0.012465697143033173
ck_0e2bc3a5afa439d8,0.030937780441118733
ck_0e3f80c1553c591b,0.01545750132233353
ck_0e477084434da450,0.011098557449641874
ck_0e5385c70c6de025,0.0033625897807306546
ck_0e6046fc30f81705,0.04357901397391802
ck_0e6bebf8ae9b9b03,0.004631177380056924
ck_0e6e05c3cc8c8242,0.005131299589365527
ck_0e70516fa07cfb17,0.8278584192929099
ck_0e719b3a6906b8f1,0.0005780161066664524
ck_0e7899a57cd617d6,0.0026102545627212557
ck_0e7bf10ef49aa818,0.0755256563406278
ck_0e808afe2570ecac,0.022939653475293323
ck_0e8f26536ccc8947,0.0368585702992096
ck_0e962eacf98a813e,0.00852671879441634
ck_0e9b982afc88a3a9,0.9991327649373373
ck_0e9ec486bff403c5,0.009146438101770252
ck_0ea30eff5f361cba,0.003226309917070425
ck_0ec820b670d48098,0.001416617176572489
ck_0ed2739384f1d644,0.011488022208444105
ck_0ee6965e68efc177,0.019734972120383228
ck_0eeb3d9b3e697edb,0.0147008004464986
ck_0f35e930d0614613,0.9491796419348121
ck_0f37c554a5057801,0.5084935317514231
ck_0f38d4aed68d7d24,0.06396827022643872
ck_0f3de7f074bb33af,0.0036335129791943564
ck_0f4e2ec66d50da5f,0.004363323268763939
ck_0f6d916c92189516,0.02133128431906926
ck_0f743bd13373748e,0.005893330506690404
ck_0f8cb09d3f4fc980,0.04970193815849006
ck_0f909705e2e60f2f,0.002560206209460553
ck_0fb3153d37626b75,0.0007998186733859793
ck_0fbbc7a6af300368,0.008996150444031303
ck_0fc1086e1c9e04b6,0.025975159790263717
ck_0fd826fad7ec7cd6,0.07428635795642613
ck_0fd9312411b0ac55,0.03055162236699555
ck_0ffdff7b2f5fdfe4,0.004509150675987395
ck_102db9615e722c9e,0.054072181633722266
ck_10495d3a635b8d69,0.02453807765115597
ck_1058129ed7b48c59,0.010277100299581959
ck_105b0c93573fd5b7,0.11343481738431328
ck_1071d14c46c92379,0.3655122262003065
ck_1078b1e155b5b640,0.008936061423616009
ck_109fc467ec0a4af5,0.1042234771357326
ck_10de0b0d86b17839,0.007686613556933843
ck_10f90d879209734f,0.00689378457330221
ck_110608c3b03d4038,0.3194752377521678
ck_11132d245b94d045,0.0018706727558304391
ck_11318f7c041a5ba9,0.0067248794637773095
ck_114141d85256c9ff,0.0007841034976036717
ck_114722e12db90a73,0.007479132347032757
ck_114c32aad4b6183f,0.03773557016075507
ck_115d86fabde77b65,0.0012028204136734003
ck_11662cc7940ffc82,0.05867947744369902
ck_11667f5b9fac7bc7,0.0017528780394561667
ck_117d78ccd5820f36,0.008007506521305325
ck_11960b5f1c7a5e2c,0.0058721689802754
ck_11af112667c98394,0.02226095228303005
ck_11bf1039f8b3025b,0.019631576174687287
ck_11c7667920541587,0.009740761640538205
ck_11c7a58e09e6547b,0.05037554161705123
ck_11cb98211b2ed134,0.9357762981590798
ck_11f362dca2dfaf5a,0.012524210070289846
ck_11f85bc705dbe036,0.020386158737926763
ck_11f9390a11ce9ff5,0.03717023752916377
ck_120e995d50956bee,0.04094838513846992
ck_12107dacc6d05bd1,0.0023810330106480725
ck_121db7ba3be29ee8,0.015718302634663374
ck_1225a97fc413a419,0.020438114152827362
ck_123c15d93f1840f2,0.24775126180336354
ck_123d75ffb75b606d,0.006889701914782156
ck_1242aa4496576a99,0.006324082226479041
ck_124432fd5c92af7e,0.8929245999218998
ck_124565a11b2f8bb8,0.006829469307003536
ck_124a197be41687f5,0.03835159146908265
ck_125c5a720ecb177a,0.06110140536747614
ck_12631b78f8a03df2,0.007537810297430236
ck_126531a9126c17c4,0.0019705680276674983
ck_126a82e8d42e5ce6,0.0028852283790298805
ck_127273af97d7827d,0.011818649278454663
ck_1294f7af22fade11,0.06208845645382948
ck_129e39ddfde92eeb,0.0006053476982063335
ck_129ffae92dc01408,0.00275796926143709
ck_12a074db100481cf,0.07833824627517771
ck_12c46bc52bf45b36,0.01472341360971585
ck_12cbb211ebd2b437,0.03999401749566175
ck_12e2b5ebfe8986b2,0.006242504892046438
ck_130d3848b9dcdb05,0.00976086754310748
ck_1325000bc7f35b5e,0.002839712708846212
ck_132c16312f37810f,0.006115084715098732
ck_13376c59b5bd6943,0.0048592423460777495
ck_133d8a1ac7c0e301,0.9869862152790289
ck_1355db6f4010232a,0.015806506577454915
ck_13648cbd306eee6d,0.015800253702455296
ck_13677a1957078827,0.0020532460648991606
ck_13757bf0eeb353e2,0.00890987756414767
ck_1375ad9f10688e4a,0.0027069314988702573
ck_1383b2b1875000f2,0.006142696518175123
ck_139b54e6ccbdd7da,0.06579340894222725
ck_13cd943777651aac,0.021299051000001835
ck_13d1b192bbff8f32,0.020571127891401808
ck_13f03ec785cbdae1,0.003686361001349974
ck_13f2560c6a1ec62f,0.007126745771512438
ck_1402d24dd623df72,0.005308529981028425
ck_1411a80a157ff39c,0.016890534660124735
ck_1422a7bf7756294d,0.9755069879453181
ck_142c00f9f8557504,0.04439269847013119
ck_142dba210ed2f3b5,0.055323782495905985
ck_1436f6e11d4008f9,0.01945975436075026
ck_14436a409ebcc90f,0.0192152332627055
ck_148c28df51bba5e9,0.9471412521719272
ck_148cb0c723284dc0,0.008783603044654515
ck_1496568ddc3b2d56,0.019927321849172012
ck_149662b09d632e41,0.01820828039317351
ck_14b4bf7be6ac2b61,0.05295866830513719
ck_14e58c3fb26a2b4d,0.01468683516388626
ck_14f0484b3817eda5,0.008461629689351272
ck_14f9535e53f9c7a6,0.009461024144535158
ck_1507f5aa50cdf3a0,0.012237351541869772
ck_150a1108f936e6b0,0.003170063700297036
ck_15220e78d1545e40,0.014329137850730618
ck_15239ef0689c1a35,0.018942942992057166
ck_15254db133b28371,0.03939036262300393
ck_152671fbf8a9a78e,0.04333257882927568
ck_152820d8817f478c,0.01188871681786972
ck_154c8efb19dee665,0.004989735309607466
ck_1573878386886290,0.006969880350036918
ck_1587763dd54688c9,0.0034134129421866275
ck_15886fe84866de92,0.02789848655140374
ck_15918075563eb074,0.0010903597691185143
ck_15b4840922195ffd,0.010126550844956015
ck_15b93103ccd38609,0.0044163541968121455
ck_15ccbf8ff7d14086,0.009204114506784034
ck_15ce50f2704227be,0.0163891103929889
ck_15dd3ecaa8ce0245,0.5774604025000474
ck_15de11438732bb05,0.007675248672894377
ck_15e0b679931f7a8d,0.01309813592045076
ck_15eed0f5652f0352,0.007208469823433515
ck_15fe2a47fa7e92ea,0.003217442903862533
ck_16077934338472bf,0.00267629069233789
ck_16077ac345472e6a,0.00226924998298802
ck_160e9ba0a3f7c1fd,0.0048481343542332465
ck_162513e73782929f,0.0430835047479391
ck_1631bab0ba1256db,0.05123059835288216
ck_16340be3f2a7fffd,0.0018394399030107929
ck_1645e6cc53fa99ff,0.07343803558530061
ck_16541fc15683e21c,0.006746580540566748
ck_1658429acd5306ba,0.00652009360112837
ck_165a868bdef28ad3,0.02249696259831633
ck_166aa980cc87fa77,0.09137154961215706
ck_166bd1dcbaf4d6fa,0.0015462510866789177
ck_16801e628e883d78,0.031053634700928975
ck_168c96a1a636ea15,0.0256757079385701
ck_168e7ea341a36b80,0.003225549138240028
ck_1694c28f44480e98,0.009804883340220434
ck_16a06d58d71935bc,0.23504634237379868
ck_16af4be191c47d3d,0.0006253593688989755
ck_16b66bd803288bc3,0.16291804146128513
ck_16c501470d9bb006,0.0008934122662521436
ck_16c7bf94ed3e7a6f,0.0013604548976255358
ck_16d2d27fadeeacf7,0.005603059139565943
ck_16dbafc035574654,0.007567906461452191
ck_16fc77b2bcf5ec03,0.8871355186930977
ck_170c65860e2a7e23,0.0073122601695060855
ck_170f4688e0acd875,0.08264042243146141
ck_1723900ab9afe374,0.14438939394213063
ck_173e1198c341087b,0.0026363182921848864
ck_1745847cd4e5dc83,0.019672555786829422
ck_1747fcc466f0ae38,0.0021129985870880627
ck_174be2231c5fd2b6,0.002443070253924074
ck_1757fcb0e6e3f88e,0.0539099629855264
ck_17673a1c2867888a,0.0013955583888366795
ck_17733f75ebdea93e,0.006127544060698192
ck_1774faf414a5d49d,0.6572109705662721
ck_179039559ff7566c,0.02215641552282704
ck_17946516d5df71d7,0.0034204525030508753
ck_179ed66cdfc1ce27,0.0026980511855428145
ck_17a95bba77217d85,0.029812044938628744
ck_17ab24fe914ae44b,0.0025644708167379977
ck_17ab3068fa303682,0.0025230584891412517
ck_17bf38d51115a8f3,0.0007765958865969892
ck_17c0a6a92b5765cf,0.011883729186233653
ck_17c4296276448afe,0.003144243430899669
ck_17cc7b411f448e66,0.025545763263030295
ck_17d3022ca12eacd7,0.021929344526240693
ck_17de46314b5c6a92,0.036728929840020644
ck_1805fcfc4a9e4ffa,0.9066656968600982
ck_18116d0ac08f1996,0.8183021156626168
ck_181f3dae03b87136,0.03976563855675604
ck_18270fee7c8fcee8,0.009438751349436161
ck_182dc4a2f5a366da,0.0012825933922598542
ck_1833c81d693c1e07,0.9858233543950626
ck_1838cf8d00f5b1e1,0.023413405335463582
ck_18444be153bac1ca,0.8928622522073177
ck_184983177b73dea5,0.017732428401870743
ck_185f15b1523bbcf4,0.000699929991319654
ck_186161ce152836f5,0.023485673307357686
ck_1867b1199c864db5,0.0738417156123972
ck_186dbff4b24a3bbf,0.2408340962773545
ck_187317383400491d,0.007630755662187779
ck_188fdf2be7c92e9d,0.9980545970687211
ck_189b6fbe9b9192e7,0.010561280038243472
ck_18a55b06ccccd88b,0.022600895454550653
ck_18b36d342b530af4,0.02602350319541117
ck_18bc51bbf3ef198e,0.05409253968603072
ck_18c179b4afc4fccc,0.05075568493465447
ck_18c3a095606209e8,0.014323338196181293
ck_18d214b1418be39d,0.006896737523507479
ck_18ddf7e836256e3b,0.013742685951706593
ck_18df83242ff3cdbb,0.03804268170080713
ck_18e2076397bcc211,0.055179091220656236
ck_18eb1f9181f95df4,0.00930141649252808
ck_18f67c00ba21fbde,0.008103541075391288
ck_1906f0dfaf6e9bad,0.6764842864799929
ck_190bc849e5ff5401,0.038040452532465616
ck_191673540d8486af,0.030134629222182175
ck_1917ef3e6e345549,0.03462291613280368
ck_192579ecdca7ff83,0.01431113133569081
ck_192bbfd0d5720134,0.004382429516491146
ck_192fdad892782daf,0.07511396797165049
ck_193d9c87ad3f1dad,0.002812385441515611
ck_19468fe07e26f992,0.9401536556395739
ck_1964ee9db929a173,0.7754775514674532
ck_19660cec756632ca,0.004602924031910008
ck_197f8058cea1fbea,0.0005888670998095141
ck_1982d571cd36eb0c,0.011090720535818561
ck_19988702ccd79201,0.005764388647684111
ck_19becd44f2c3d2b5,0.007632428804443737
ck_19db0bf788697c2b,0.009061330895370662
ck_1a065ea906ae3d6a,0.006229099117458947
ck_1a0aac7f7b94b1be,0.11483914194647835
ck_1a28b6a40a6bd3b4,0.052132275072697666
ck_1a319e509f1efa1a,0.0007253001023458307
ck_1a3fd2cc4b4de196,0.00562966516835874
ck_1a3ff7620580a514,0.011135954921938687
ck_1a415416f620d49d,0.08638735735631928
ck_1a46b56f4734d52e,0.0027815193851430226
ck_1a4bb7d3d2ee3227,0.014281159231145984
ck_1a4e5ace078dd782,0.06958261393514906
ck_1a524b5cc8da71b3,0.0318529328849117
ck_1a6b30320835e57e,0.02346716104574119
ck_1a6ddfeef82b1b1a,0.002344846121370499
ck_1a71f8081ae00190,0.9904211987421682
ck_1a9235812de4b2c1,0.01899313207712604
ck_1a9d6190c57ea7e2,0.25560700953974064
ck_1a9e51d092d62c84,0.1883690741269283
ck_1aa87cb62acc0ac6,0.02057720885480343
ck_1abb93f6924645e1,0.025453724707232245
ck_1ad36046aaeb816c,0.007843703778507878
ck_1ae460f331e49ae2,0.0244915490973212
ck_1af2c0b3b8d202c1,0.00930888260423136
ck_1af547077ba2dd03,0.17787953815589094
ck_1b0434f096795328,0.0021668486040180754
ck_1b0b7c3d35ab1259,0.05415982600682468
ck_1b1df006b81d38ba,0.011250522502081533
ck_1b1efbd9c0964c8d,0.022138666927456817
ck_1b2ce474fa6582b4,0.025989492764927947
ck_1b2d9cae92a1aab1,0.0986783218132069
ck_1b34c420a4c85a95,0.02150783135331163
ck_1b52590757c0fbeb,0.008315652552008224
ck_1b5b75762f033462,0.012297834512990161
ck_1b708e2a4a0584dd,0.07643665922661208
ck_1b74b798eebeabdc,0.008561845375854575
ck_1b823610371a29c0,0.01182305206007046
ck_1b93381d8eea58d1,0.0041092887451328565
ck_1b96d9af0d7da2d5,0.004922440242562429
ck_1ba28fb7ef726ce2,0.02538353283939108
ck_1bb212d1288b9689,0.01332883624238002
ck_1bcff399166d7c43,0.009916535166794704
ck_1bd753a4681946c8,0.8504021723653431
ck_1be8cb95d6d9bbf8,0.005174506926937905
ck_1bfa8abdb22be8f0,0.0261724212840027
ck_1c17c65804f8889e,0.018670988429959456
ck_1c2dcae19539e148,0.045886387338366384
ck_1c607e24f2c4397a,0.033887581107048134
ck_1c65e8d5be3b9c60,0.4754133641824965
ck_1c6820fc38135ad9,0.015065861096490165
ck_1c771a7c78f6622c,0.03869571414644385
ck_1c8b94efe9238f5b,0.00195133532721443
ck_1c8c969667cbaab2,0.7298033508908593
ck_1c93cc58f314bf71,0.03451732645142513
ck_1cb6dc67f9a321b5,0.09048198844735832
ck_1ccdc69d0bb712b4,0.019549298550572778
ck_1ce20e4223a936b1,0.01600112709022422
ck_1cec1ed1512a2d3d,0.0015610666126681734
ck_1cef30d08f3a598d,0.0037853715317260283
ck_1d01b4a609918c4e,0.9519795764548661
ck_1d2b80ab6c4944b9,0.005801019030125516
ck_1d30eef7110809e5,0.11249138667241573
ck_1d3e561a7d20be0a,0.9931474169201031
ck_1d40e4fc541abe93,0.09032905844383203
ck_1d58f6caaa4d012c,0.03302954397984698
ck_1d5d74169cf892ef,0.00967423545335818
ck_1d6990d94a4d2ad6,0.042216507983890525
ck_1d7cd5dcbcdafd7b,0.6184943981698015
ck_1d96d7fd65f208b2,0.018617899295535575
ck_1da2f69023ca4c13,0.005990637365673078
ck_1da9d40837ebaa57,0.07718901032917119
ck_1dade5592f90a15c,0.029069571480009472
ck_1dbf1f15193197db,0.0723954425183101
ck_1dc23dc870f1773d,0.011847356646203887
ck_1dcaa3078dbb7571,0.0015528377429525275
ck_1dd69a11daa7bf1a,0.0362968404388606
ck_1de43fd6c6c22a5f,0.0501784948985496
ck_1dedcb48ac381a1c,0.40656267857883627
ck_1df4a1781a0f6999,0.056649873534708836
ck_1df4b46c0a4c317d,0.01775964340585552
ck_1df66f537496ca59,0.04228723591885546
ck_1dfa91405d7e66bc,0.0018981673604038971
ck_1e0841ed17fe0562,0.009591669564862184
ck_1e51199a075ca0fa,0.008433951379509643
ck_1e6628879e9d653c,0.009173511649657108
ck_1e7de58822000dea,0.005434170721770558
ck_1e832a5b2342554f,0.06047260805297696
ck_1e97899875bb427b,0.005993196721237952
ck_1eabc15a94bd9009,0.01849375285137235
ck_1ebd574406235957,0.009242396496855668
ck_1ecd5516c92caa4f,0.00042307121071193544
ck_1eeacc26f02fbba4,0.052406213999621816
ck_1eeeee651e05d535,0.030939687597604133
ck_1f0bafec397da8e4,0.02347464800823876
ck_1f1273a67cbad5e5,0.8451688865953665
ck_1f136a4476b5e775,0.034376902643706894
ck_1f22f04dfc08cf27,0.010574571500811697
ck_1f2760764afa45e8,0.003790736704591185
ck_1f517e0ebf397b51,0.005122557253064936
ck_1f56fe99f250cdf4,0.02728040214323878
ck_1f7ee7b23fc6f2f4,0.007198167414656444
ck_1f871df76c6a995b,0.02505547812896813
ck_1fc03ba33edd9e67,0.028025497071817118
ck_1fc98436281ee39e,0.0033213499790827462
ck_1fca72e03143a645,0.701965211062864
ck_1fcc5843f39148a9,0.011755692272517925
ck_1ffbce3a239bb264,0.002627035048632665
ck_20124c3a16c53ce4,0.014232110284875032
ck_201687857ec8b3cc,0.03392012417649006
ck_202f0c14b07ace01,0.045187418338031145
ck_203c2a22c0c165ac,0.019075064157791352
ck_20541686a94fb71c,0.05803368319514469
ck_20578ac693ea4e93,0.0198881899710976
ck_205c107cec528414,0.304100298773861
ck_205c3405045bd835,0.005625752159981076
ck_206f8e3cd72768f3,0.021493917118542913
ck_2085433978e72ea9,0.04283770665016484
ck_2096d32f3d497ea1,0.23172935290993454
ck_209f574c8d92274e,0.009542783634423482
ck_20a17e8f206a14c8,0.018138292064357468
ck_20a7d1ce6cc27312,0.007763096123969505
ck_20c99b645f462449,0.005109554731967981
ck_20cd2f5666719baa,0.0008393270979789497
ck_20d7571ba830009d,0.006254084333086406
ck_20de8abfd8960ee3,0.027403688420698933
ck_20fad010969f1abf,0.003010368593007617
ck_2103399bdb2898a6,0.0237000733456941
ck_2106e509d77fdb4a,0.3003844938407107
ck_2122e9bb1afffef7,0.008890042537940476
ck_2122f201e65f76ee,0.003906749237411994
ck_212380e0371d8a6d,0.044307007139601604
ck_212525e2828a6c45,0.011859975179172179
ck_2139062d4569aa07,0.004087191908252991
ck_214af0806470ef48,0.02637410176334942
ck_216e87a41de22b5d,0.10795577950419157
ck_21860dd2159dff28,0.002248427786370622
ck_218b7e6e6dbd2da0,0.0023438538632189992
ck_219bef979ee21bdf,0.0031394813092728334
ck_21c99e1d6b881894,0.0022687682106798386
ck_21cac21fc10b7768,0.0044791421956239036
ck_21e3b3bd998745e5,0.010108915777733898
ck_21ed2ea6386c5a07,0.0034332544032325257
ck_21fe7bc59dcd78fb,0.006750901029458603
ck_2208392a9f6bd249,0.026965603160584436
ck_2209de229b4c71c5,0.013762784459412442
ck_220fda3c11c59b6c,0.07424370279593358
ck_2210f7a0d13bdbef,0.029638052765465
ck_22128a4f0d033422,0.016624089451832493
ck_221b5d40358230f4,0.029620193427958515
ck_2225b555aa2a42ed,0.037043229034587136
ck_22311b037456a76e,0.0017554614814102364
ck_227602ad072b838b,0.0017058671768726923
ck_228a583f23abff48,0.010824753942975046
ck_2296d7a563424883,0.012917438083077304
ck_22a7cf3b99c5e5fd,0.015410748330074941
ck_22b52654776a1ea8,0.6474291569316829
ck_22b587c18363899a,0.011938536872997629
ck_22bd0fc71f95e048,0.07913475868105191
ck_22bfb9246646eb41,0.42292904377457075
ck_22c862a496008c96,0.9986901107856453
ck_231ae0329ebc3220,0.015953813972673942
ck_231e6dd1fe708000,0.0032787422121545702
ck_232325ef6bce92f1,0.017915277242627852
ck_2329cc9702cdf7a0,0.03971040812548017
ck_233397a8bd40d38d,0.014532615574831998
ck_233a487d31c3e631,0.9965577650357001
ck_235ce9603c7dccbf,0.041881546538654134
ck_2366b29ed9887a5e,0.0035189904027274296
ck_2369689bd795ee10,0.009045021953612576
ck_237508ca4fb37268,0.053390196548736855
ck_23756522b58df5d8,0.0021494829603915465
ck_238e53b6dee8c301,0.0028932078500955452
ck_23981a3261674131,0.009095051812822745
ck_23a016cf6b98d89c,0.042948616237286436
ck_23aab322810b9fec,0.015612969135044782
ck_23caafc2cd34242c,0.010007072771575228
ck_23edb6d938a3b87b,0.007356703165033506
ck_23ff85f9d2355e8d,0.009548725322717694
ck_2401e8ff89e574fd,0.6297242098957133
ck_2408db62e4395ccd,0.053494749893127254
ck_240f7f894c5a86e7,0.004143261053019943
ck_242521e261148fba,0.007003865922000434
ck_243b1b9fdd3f9a74,0.0016748440227195573
ck_243bd5ca8c4ae5d0,0.004955676192066559
ck_243c18dbf150831c,0.0015899833169743922
ck_244b897bb4d57c1f,0.010937346970350571
ck_2452a30397dfc54c,0.02938303006992795
ck_2455d43bbdd2bb69,0.029857025892924348
ck_245f5d62ead5ef28,0.010984625796811009
ck_2468a7e9e68a0927,0.01881772828541271
ck_246989b0c288664f,0.02611140382601186
ck_247589ff532f7aa8,0.006096100127957254
ck_248b3659a9239240,0.030649068614468693
ck_2493ee8e7b91d304,0.03966376787576344
ck_24b0803447211bf3,0.00943218665280408
ck_24b53090faf722cf,0.0057752893520270545
ck_24cd0d779e866287,0.0019211830653023442
ck_24dae044dc05f849,0.03808375068668559
ck_24ff97ad90bdd69a,0.08465284000780454
ck_25122cc0e8b1a662,0.06698058052276687
ck_252b0a0f1119b220,0.001439225423636973
ck_25382331551d22a5,0.0665111537049136
ck_25394c1b83e0b803,0.014134701567511015
ck_254a7c97c36dab8d,0.015195484636650903
ck_255d87b7fb40caa5,0.02818034308005841
ck_255f0e5888ae9e23,0.04264348710002737
ck_25822068c86c856f,0.0023811554861454002
ck_258d661e450ac870,0.0061881068724647294
ck_259271c70f3fbcbe,0.013494200781727434
ck_2595669e421299f6,0.024547008283025425
ck_259eb102342057ea,0.00459789115556584
ck_25a1ea40b2d59254,0.0024475610517364177
ck_25bfca1d8eaa152d,0.011384469382545299
ck_25c355da356c730d,0.03328302724492049
ck_25dd0b02af5b2f37,0.03148059786487624
ck_25e551a0a8d2fcc2,0.029649055468204524
ck_25fc3010e8a0f6d7,0.00842161051572794
ck_25fea39897f2a559,0.026279115678741954
ck_2605fd571219e28d,0.001204126907195155
ck_260cfe9141d249f1,0.06610783169244483
ck_260ef2f3e6434819,0.06185741207859829
ck_263334d722ecbc97,0.43992604281706843
ck_263f6c5ff26b5e98,0.005587402382156676
ck_2659d1d3762a2825,0.012408724792455172
ck_265accb3c5c32620,0.09861647527157837
ck_266ce7ccf41ccc50,0.012578209554254812
ck_2675e7a008e584a7,0.02353507967476014
ck_2685f38930866af0,0.01736538377789133
ck_26896c494b2768ef,0.011189458145044863
ck_269f1746f2609ed4,0.004894000123108453
ck_26bd0f8898afc8ba,0.0009684183659049411
ck_26cfd7c3c6c7bf69,0.022688239553925887
ck_26de14b96bdad4f6,0.009371775255291055
ck_26df74feac7ec51d,0.0179359402587866
ck_26e9a7bb2061a58e,0.047038453576818656
ck_272ae2179bbd8e58,0.007122372508040719
ck_2733fc6ba23ae46e,0.030474513261252036
ck_2737a72de6b700f3,0.04587876794429627
ck_27466468d06db4eb,0.04983738216707469
ck_275386782b1606f8,0.00162158479785973
ck_2770b0400a7bef08,0.052901883014481337
ck_277621473369614f,0.9969096317818316
ck_2786cbc3e75ec034,0.29410496782378764
ck_278b36c5932d9bff,0.008693968378777986
ck_2795921a055643f6,0.009010669332956304
ck_279a1d3a3836e5cc,0.006831068700788413
ck_279d43303708109b,0.017268750669764653
ck_27acc9f320cda104,0.13789756665750327
ck_27b07021500ee841,0.013693124378992463
ck_27cdf9c5e6f0915b,0.036117420480345996
ck_27d69ff4e0cb428c,0.16530663328459352
ck_27e4de495abb4d15,0.003403104053004077
ck_27eb86a9898cdfe3,0.012723913674998078
ck_27f20337bef5ffe0,0.013663298768904264
ck_27fa694569140345,0.002561708336035534
ck_27fd85b1e38b675a,0.004339835329271323
ck_2825e34dd3e7ea2a,0.01192230542050358
ck_283c5bea94b21e80,0.0047131876985493995
ck_285719c77eadf915,0.0023420235238025594
ck_2857a4ce9f72fbfa,0.0073371435111692865
ck_28588fb03b320520,0.05673722417003758
ck_286bfd719836e9f3,0.08367509652534173
ck_2884bab237af16b7,0.006483103887790187
ck_28ac4c5134cb8e77,0.0364812660299945
ck_28c53b214b2ee882,0.14845715637820153
ck_28cb9b03e89263f1,0.004027037361185136
ck_28d2003c2d16e4b6,0.0007067432006923664
ck_28dc0de0ae291f37,0.019638295574865128
ck_28dc0fdbaec00580,0.06744907708752816
ck_28dde633692904b0,0.08164331902430653
ck_28f530aec8e77130,0.08550556654720083
ck_29076a13f539187a,0.12261581355416176
ck_291bffc7809f896a,0.0023303130343277608
ck_292f81186358b0fa,0.0055517826576228346
ck_293581d879f6663b,0.8242591275654854
ck_2951d76c41de2569,0.026668534972791702
ck_295565fbf77ef885,0.0030969050137265547
ck_295bca29c34cfe2e,0.06848096803209101
ck_295c0072eca7f7a2,0.010019476493918197
ck_29640fc2fe81c251,0.01559283270154571
ck_2973b8274f0bf69b,0.025421527248084615
ck_2981d16f8a51a8ed,0.02117497892291807
ck_298278a9da874437,0.003717583929217669
ck_2987eab34ca7805d,0.025831845519923163
ck_298922703c5bbe05,0.02265739370704826
ck_29c11bd68858e923,0.0016192308208273368
ck_29da59ea3bffb9d8,0.15452659541665648
ck_29ea329fa40ace62,0.02425146504536126
ck_29f3a1737a2d9634,0.004481834836774069
ck_29fbabf855cabdff,0.00700180185797004
ck_2a01e610348b84f8,0.026739500035918167
ck_2a07c7021b71cf65,0.04125366937420703
ck_2a09c7aa870edb6b,0.0017979442286796083
ck_2a09d142de1c77ff,0.005467659550882302
ck_2a244f1ae08ef83c,0.07837332953759524
ck_2a2c336a69b8d68d,0.03915627844936825
ck_2a37fef48b44e9c8,0.022442467707696444
ck_2a46b7ca55239413,0.0063365326204769205
ck_2a59f23fc5194699,0.16398165265837406
ck_2a5a4c18c2c7274b,0.016432294174361785
ck_2a5b31594206eb30,0.4022973812440864
ck_2a65f1cc23f1180e,0.0014414658947679534
ck_2a6d43b9f883b78e,0.5050547504487604
ck_2a7eba01ceba6c2c,0.1493031248833182
ck_2a97db9377d01e36,0.0017422258159227977
ck_2ab28149b0986642,0.04385105287414601
ck_2ab7eddee2d8c49e,0.009480054910647484
ck_2ac36e1dff211d38,0.028231881342223902
ck_2acb54ca20c3af6c,0.03380135600566864
ck_2ad0ecbacd5acf8e,0.9215710727999094
ck_2ae44938847f3852,0.014694068769409223
ck_2ae6949246ea2648,0.019806078784241062
ck_2afdd69094c955c5,0.055210407276598476
ck_2b359a979520276e,0.007552334335558182
ck_2b699066665abe8a,0.009783195784062487
ck_2b7cadbc8b180d32,0.7899282878002838
ck_2b87683c90acb852,0.07242577802745526
ck_2b8f33e22f939372,0.7270423083352577
ck_2b90b76cf4d162f9,0.016082636913759257
ck_2baf214ad6bc0dbf,0.05706659910052345
ck_2bb1389e5e72c8f4,0.02697994646094908
ck_2bb49dc2388cdc1e,0.003301526895972962
ck_2bb6a17e8eee35cc,0.03194551998959539
ck_2bb7c17168a9d17d,0.009926509293506507
ck_2bd73d9098504760,0.09122247458933783
ck_2bd96ddb8c323d63,0.9798917723266569
ck_2bdd8616870e5e1c,0.0007324919804751256
ck_2bf10be403849c9a,0.012416260560601904
ck_2c041b1efb1c5063,0.008484082560486966
ck_2c1def5c91c52a5b,0.02593381835060171
ck_2c27b77c59d8f23b,0.02636841612214724
ck_2c2f080ba185016e,0.033937410241330894
ck_2c44ca550e5cfa82,0.035114672728909814
ck_2c4be237a7ed79c7,0.001400916596245119
ck_2c4d25acbe3fabd9,0.014437992930594076
ck_2c5bc11bb7ae5d2c,0.9009246744246452
ck_2c629c657f73941f,0.009460320792582634
ck_2c6b174b063ec637,0.02664653156494435
ck_2c7667f64edec2b5,0.011742993083683567
ck_2c80a592fb4cd6a3,0.0045907479183915625
ck_2c91f62c05685ed7,0.012877744158408373
ck_2ca0020038bfec58,0.2322634978343614
ck_2ca83dbd728af019,0.00498485805254667
ck_2ca91214c357c072,0.0973456986770431
ck_2caf553b31831a50,0.0021316493574848796
ck_2cb3c99845e572da,0.0051138850894003555
ck_2cb763a881aee27f,0.0019747144692214384
ck_2cbc2f93a32eede8,0.09888290327343917
ck_2cc1d9b587f6da31,0.08578159347723852
ck_2cd21137a07fdd7d,0.007154974573792968
ck_2cdad03ed069438c,0.017206139445440888
ck_2cdf5fd97ba75e06,0.07726649777501078
ck_2ce5afbc014763b8,0.04113123841816763
ck_2ce8931af02a2ce3,0.009970646223628154
ck_2cee2dd7bbfc09a0,0.8686477166886309
ck_2cf8a44e041217de,0.025270646280287478
ck_2cfb9a7775e8a5bc,0.9824709430763678
ck_2d14bcd2e0fc043d,0.004905492016168445
ck_2d1548f1ee405cc9,0.015531895653548173
ck_2d177b2f4f0b40c9,0.11974872816739768
ck_2d28f14d3973d8fb,0.001544380548164051
ck_2d3d6c9364362017,0.0010057040337031384
ck_2d3d7d64a6f443f8,0.012221672845008547
ck_2d46291975f0dd08,0.008492559719536783
ck_2d5a6b6636a2596b,0.004524213752165096
ck_2d634e3f24681c0f,0.059811881597350874
ck_2d695f8358383092,0.02065411334982348
ck_2d7394afd61643d0,0.01015063338891399
ck_2d923d957ffd4d53,0.013312860112216572
ck_2d9524787cfe1ab3,0.24574190717297054
ck_2d963f9b2c4d11e1,0.0597744412876872
ck_2db10f987d137582,0.027624392898270216
ck_2db3fb565e0211ee,0.0024997435893009175
ck_2dc31db181150e20,0.008745966339109932
ck_2dcbb71e39d64305,0.01917653868030475
ck_2dd147ce6d61749f,0.017006853135371033
ck_2dd39723c4088b64,0.012391846710869112
ck_2ddfc948b8eac752,0.1671949517756043
ck_2df4854186ec515b,0.03390805259736845
ck_2df5a9fc87553eb1,0.0043121267841765825
ck_2e0eedaaf2980c2c,0.027217750379921562
ck_2e1b46c5fc56b863,0.09765782951346857
ck_2e315f1b1e533dab,0.005445938810663278
ck_2e481d75d110c06d,0.08237687450365795
ck_2e679af24adedac8,0.010870933578146313
ck_2e824b0b27494a17,0.06015938005666494
ck_2ee84f3fa27f2cb8,0.00503756101723073
ck_2ef76f1f36e8b869,0.10612225727006704
ck_2f138fce1171e277,0.05930798188813971
ck_2f241b97c0f8389e,0.01644089769721966
ck_2f4f94827984c426,0.001185370930967002
ck_2f6a639468f41043,0.007539583978059105
ck_2f6b33bf46976229,0.01029203902921858
ck_2f6e64f638da0f97,0.005444016342543341
ck_2f8120ca80a1592c,0.04274941093728422
ck_2f82ea66c4f53b33,0.06763859353307138
ck_2f9fa0d61829f815,0.015237686044139163
ck_2f9fd36a4a40a6a8,0.001484383797723859
ck_2fa8f2577116e9ca,0.06072260924681783
ck_2faf7ecccc9fec58,0.000926632454826692
ck_2fc70b6baf6a0e26,0.011802707260829737
ck_2fe6cac002142f67,0.0868645930703621
ck_2ff1860da2004c84,0.0009550653506033491
ck_3019afee83342701,0.030082974028840612
ck_303b33910d67f306,0.0052485441678002485
ck_3049d744b527f4d0,0.022430073128400167
ck_30753ffe481a1b8c,0.4834988187440171
ck_309a432c160a17b3,0.005193423410259398
ck_30bf5b0056eea9e9,0.12943852367607236
ck_30dac0a58c5590cb,0.14474896766767345
ck_30f4b2ee8abe1342,0.19109171674534015
ck_310f73940fc4cf4f,0.02799407398568079
ck_31109c899336348d,0.0049725580562856074
ck_31199510b40602a1,0.014328069489097622
ck_311d395fa9b8550a,0.006719883415749532
ck_3132857aec8485bc,0.0010491637868694128
ck_3135c019696ee6af,0.9746954977218177
ck_3152c7115257f084,0.012302272054919175
ck_315fb710a0e371e7,0.0003045271262224996
ck_31631e2028d4f855,0.026593146906850922
ck_3168f4f2778d64e1,0.020567959275397805
ck_317360ec0a67d27e,0.04663099083605333
ck_31742076e9a998f8,0.04585014257656474
ck_3174419a81e7caf2,0.0031574579637996683
ck_3199b471575aeb3a,0.00451520197955416
ck_319b059bb2145586,0.042555195463587464
ck_31b16b8848584e98,0.04735094275216841
ck_31c54d540b128843,0.006386516307002809
ck_31d4c0518e5f52c6,0.008947153395726026
ck_31d5e3daced93d3c,0.03138792051359945
ck_31e1ede23247d56b,0.030932574042767336
ck_31e70f2f04b48b88,0.0017435824310258728
ck_31e7742f160980ef,0.03770588449894982
ck_31fc51d5a3dfe16a,0.03180653043631654
ck_3209c530c9812e39,0.005935400623500612
ck_320df984791a1b99,0.0013225252426691495
ck_321e740066fb05c3,0.8172990668474298
ck_3222ea25aa29bfa6,0.0033756723881705757
ck_32246c62640648d9,0.0008631526378038038
ck_322ffda3332d08a2,0.037399877538758446
ck_323a71f9452d21cb,0.7870402058157967
ck_323b9cc5c49f8ea0,0.3573259598243152
ck_32430e678c4f9f53,0.0040666298784062
ck_324b9939d9c1c31e,0.0017309285881593355
ck_325c7643cce02da3,0.023085615479241855
ck_325caeab5c7a9c3a,0.03219491982349358
ck_3265442528d51728,0.012265038815956869
ck_3267fe3aac05c71e,0.006136699964941037
ck_3272c2c4a37d5220,0.20623096291594803
ck_328696b8f5e54ec6,0.07484563742995858
ck_329a73dbd585ee09,0.005753615757704047
ck_329f7de7279e74c5,0.017167784817437214
ck_32a495128395fde5,0.005816000775617118
ck_32bb42f9bff197f8,0.010456439372023028
ck_32e486859130458f,0.36260772888931186
ck_32eba3510c8eac5e,0.014558912395907352
ck_32f590e87bc3d715,0.0003387363987876816
ck_32f632706608859e,0.005815848704246293
ck_3303fd3f64632c7c,0.03428401705810921
ck_33160c443d4b3f19,0.00954040656000488
ck_3327a0582407068b,0.021093175691310626
ck_332ad134fb909869,0.022525910599311364
ck_333544d173524f70,0.11149529935394632
ck_333a43ec339a04cb,0.04129066841989609
ck_335e63101b1e6c4c,0.1002491439462778
ck_3364a1d9261b3638,0.05329051016074208
ck_3365a0ad1a8aa83c,0.0034910753133657675
ck_337b24a474010abb,0.9923826005105318
ck_337b930fd149a696,0.018911578167188397
ck_337c5684510cf432,0.06134985224019354
ck_337e98c69f6e7886,0.005290826435762945
ck_3380d60067b4634b,0.0038031708840158733
ck_3397c7856b4669a5,0.0005711525748320198
ck_3398551e81dbf3db,0.02486026211184937
ck_33ad8d53394ba77a,0.3682012251791651
ck_33ecaa7b892e73df,0.008205850461403893
ck_33ecff7914349ebc,0.024324250055130694
ck_3420f2fd520890f3,0.002266243149060907
ck_3428910b44b9d08f,0.05094174575200121
ck_342a79f91de5d1fa,0.01879687525956272
ck_343e6ed2b9d35c01,0.010883241282945615
ck_344a95cb7115ec67,0.00855662905538055
ck_344b2e326a6c3dcc,0.0027969533901568396
ck_347386629d96c664,0.012826899726581768
ck_348a525791ae6475,0.043262248385518544
ck_348c874eaf0354f4,0.07757134493267087
ck_349cc5edda1b8853,0.05857520742185674
ck_34a33ffe8339f66d,0.9194325341990192
ck_34a69b3b4a681796,0.199652012979094
ck_34a6bd3be642f15c,0.016110279864696313
ck_34b0988a97d96902,0.00762515135664249
ck_34bd190d37eda534,0.035827169876266815
ck_34d6d74bb3ed11e5,0.00750600269151171
ck_34dfb57e5bf31d2f,0.023454977692285238
ck_34ed59bc2c9b0186,0.004299661126391793
ck_34f9951b0eca1965,0.013185512448267895
ck_350bf14e90b503f5,0.011940450282306083
ck_3521243bdac61178,0.03571199541067439
ck_352657008983fd4b,0.028461789156739633
ck_3534be0f4efd313c,0.02437756027216671
ck_353a272478f7e903,0.014279086286135355
ck_354379de065a8ff8,0.002119662606753747
ck_354909fecf5da8cf,0.006104791316481629
ck_355c4f29089731e8,0.8998826350050946
ck_35694db37f0cde7a,0.001102457307460644
ck_35b1939c48182a9a,0.022264825425556238
ck_35bee1fc12664644,0.19906747176405104
ck_35c93b2924900376,0.001303064346746998
ck_35d6c510ad29362e,0.33698995812180055
ck_35e411b05d22f663,0.03669822642849704
ck_35f8656bf93e3b3d,0.0071306910033366085
ck_35fe969c58b9e70b,0.03802585100403589
ck_360237c1bd30f4bd,0.013282630218498747
ck_361f535599110201,0.019411216936519836
ck_36224a2d394ebfe4,0.07382107702410547
ck_36287d063350ce9d,0.00784511322338461
ck_362ce13eec1e33a0,0.005054700485843153
ck_363751deae40edfb,0.07197927339669796
ck_3638bc3388dbc1bc,0.17257873682962166
ck_3646515079e6be55,0.03373695933746865
ck_364cde38958b7af3,0.17369033450807767
ck_364f8203a3e98d36,0.6899642304815444
ck_366616a725afc6bd,0.017020539959182502
ck_36789ca11459131e,0.043944827714101416
ck_3689fa41748a6f6b,0.13709649425082013
ck_368b65fca69fc415,0.04488227355804617
ck_368b968b5f33431e,0.001883826407290986
ck_36979996f33498f7,0.5270734760434533
ck_36d2be9012f7909e,0.05175612908470431
ck_36d37be780c1291c,0.0040286043028653715
ck_36d78ff3bc033ee5,0.011191668310345845
ck_36e72ef9273e7a95,0.01630091673722031
ck_37139b41c5370523,0.0337191375335968
ck_37143d9cc296e6fa,0.018162837701488986
ck_3715bfa7fed2c675,0.0026134706687690854
ck_3716c6181a5035bc,0.012889694453222073
ck_37176850ed68831e,0.009226751753477161
ck_371bd9388b287677,0.0020440507830200736
ck_374865697f1480eb,0.04201920057369149
ck_3753cc5b9d02e2fd,0.010314337945328097
ck_3759939a0205306d,0.03961699401588005
ck_37899b1b571b1c6b,0.024284922352378734
ck_378a9df82b1e0bee,0.2515945137522221
ck_37ad3a65db673e70,0.004719592756617205
ck_37d3e5c681a2214d,0.3107115436885824
ck_37d47cf0f34574a2,0.0012989753564638744
ck_37dab6a0a536ed49,0.09795172223937866
ck_382ebf136f7fa337,0.15153680197527286
ck_3830c58d841e9e69,0.6670590979892143
ck_3837ad850996ba60,0.027453886156594942
ck_384ccecd342a24ad,0.0017567029261142668
ck_385188ab27784fe3,0.0761781803080675
ck_3854c08d17704347,0.03185641844283518
ck_3865b7525b910893,0.026608195527904187
ck_386680372fb54857,0.009674094495934047
ck_38703b7546d35a80,0.010807343085668074
ck_38730aace405f2ae,0.9962801760053068
ck_387e5a7f163c7837,0.03409867102938234
ck_3882423b449f6291,0.8485406377341411
ck_389607982eb6b701,0.3663292816236009
ck_38abb60995114f8f,0.031024372830941994
ck_38ba4a6b6a292054,0.08062795416748979
ck_38ba64efa7c38250,0.019587369511392054
ck_38c1c75cf055031b,0.02199651071142328
ck_38d1a22850178f33,0.0024116940877425804
ck_38d4ed52cbe6d123,0.014824595496844962
ck_38da3bf629458682,0.0033644692829634514
ck_38e46bc861e0165b,0.02143880074468564
ck_38e4a74ab256e2eb,0.014793986497599318
ck_38ea56d43afa5660,0.03521545192987967
ck_38ee42f15a573e81,0.03681571474691596
ck_391639c0f13932f3,0.0021343646443433262
ck_3925f8565abb7fe4,0.004316480347811033
ck_392cf2cdd515c34d,0.009364942881855277
ck_393287947b5c8d79,0.010766854875001753
ck_3938e92585df2b34,0.05006306655114313
ck_3954b7b0fd1d6614,0.0006240677389482235
ck_395f3bd4aacd7ca6,0.014462552359159385
ck_39638880292782a7,0.03181029156140337
ck_396cea6f95186ad2,0.025453692166456467
ck_396e9ea9a6c6d7d9,0.022683081159536087
ck_397c03aa33a57310,0.16994312693474303
ck_397d5fcc9972f909,0.028603672542039212
ck_398a1ed77b0130e5,0.017588878399161307
ck_398f3f4cf05c721b,0.008358512748830616
ck_399b0d510be98bd2,0.009915238706874831
ck_399e45e5fe9beaee,0.00688736562880539
ck_39a3f1da060e88bf,0.018731959119077428
ck_39a68c55a1bd3ace,0.12893702687619957
ck_39a81899dded61e4,0.012991454568909133
ck_39d5f6c17c745ab1,0.0010469305234898556
ck_3a0e0200cbb185cb,0.023996378789784695
ck_3a30132a57181fe3,0.03296087058267221
ck_3a34c3ac83cf84b3,0.008452276828762536
ck_3a3daa8b376f2a18,0.0023872053136633742
ck_3a469039a5b9d963,0.0073783756880747235
ck_3a47e3f54475e854,0.006564010281082009
ck_3a4811dc4a1a891d,0.002166249273533067
ck_3a57a13ce032a6fe,0.0018307209313513308
ck_3a632cdf2c19051b,0.011896825681506223
ck_3a70b4ee59084715,0.010040932650664544
ck_3a8ce1cc724229b8,0.00194809429958481
ck_3aabf5e0f4defb41,0.009352217735114151
ck_3abfc010091d679d,0.10784079643118005
ck_3ac528caac74f563,0.014447122595235057
ck_3acccc69f8b1fd14,0.11772235430452394
ck_3acdb083e0d8ad61,0.001482256804146849
ck_3acfec10eec32f9c,0.039452837304201946
ck_3ad3fd3cceb56b66,0.9627205113519677
ck_3ad6e7bf452c9b21,0.016872237535928876
ck_3add4d23124c9290,0.0013556313732407481
ck_3ade9eac7d7b0dbf,0.0649878694382979
ck_3af1eb88728ed8c7,0.014071523944604557
ck_3b150afde386ecff,0.030882078177406232
ck_3b1766a1d51f8f0e,0.16216483717942698
ck_3b1d7648d4580bef,0.004069401474395207
ck_3b436cb29af99f3d,0.02203093413552474
ck_3b49768b448b071e,0.027671889998826988
ck_3b6057d51fd4c7d6,0.01070330102847933
ck_3b66196ccf436c35,0.017168815312704016
ck_3b74512f774a6e5a,0.005234390956450427
ck_3b810f15ca0eaa55,0.005302019369290449
ck_3b92a46daf8d00d2,0.023361739710503416
ck_3b963d6be2773861,0.0032864651284750974
ck_3ba3fa5387bacee8,0.0007330190501306548
ck_3baae40454c00938,0.007182446916481267
ck_3bd12d468fdc2450,0.020248155990351686
ck_3be72c9c178fa00d,0.02713661036836136
ck_3be854e42e76569a,0.004388145058841655
ck_3bece63711407e25,0.027003749687932836
ck_3c0031d7514da17b,0.03760881668479842
ck_3c02d4dbbf6716b6,0.008417822390100296
ck_3c08546dd0c92863,0.023645304990015867
ck_3c177f5970b68bd3,0.014917304835578038
ck_3c17841636f6f7dc,0.011381406392711745
ck_3c25029e40aa8a84,0.0024579692656992273
ck_3c3a1a1365741bba,0.0012675449424047172
ck_3c48e0cfc2a58041,0.3991396117846372
ck_3c59df37895ead2d,0.03594385193135888
ck_3c6417a233c68c73,0.04736142647080263
ck_3c9a06eb07c300e4,0.002038626298743144
ck_3caec7dd6f8d02c9,0.17328972506406157
ck_3ce7cad1f69b71d6,0.0061825619656115
ck_3cfeade2cf270fee,0.019585337156193205
ck_3d139692c51b604a,0.04357354043331195
ck_3d41faeb96802f68,0.003800693909730465
ck_3d4913a86f207fee,0.06111650232749095
ck_3d56b477fe2370b6,0.06956133541984916
ck_3d58628d1c853c8a,0.0071970619788319585
ck_3d6046a533057795,0.00515803307368823
ck_3d6c3c00d854f5a4,0.07260224302331553
ck_3d7b1078e2d57c69,0.002695312279168831
ck_3d7db96995745472,0.02151426498168853
ck_3d7fa32dfb9fc692,0.06011761013523219
ck_3d83e0a3c1cfbf8b,0.011456151467565262
ck_3d9afd862b3f4053,0.4234744331163577
ck_3db59982cbae4410,0.06229521861491861
ck_3db73bbe03c3d240,0.001142742584238294
ck_3dc378f37d0b74b8,0.0214956654466014
ck_3dc4d464386f0eb2,0.12051193792603819
ck_3dd542c2d31be2c0,0.014697036638228508
ck_3ded7a8720d7e311,0.014101981272963677
ck_3dee83fa2d109484,0.0022866366609932834
ck_3df8da6f60a89a5b,0.026633555430653114
ck_3e0149cdee4cb294,0.030202838492226252
ck_3e24b026bc66789b,0.00098400648212046
ck_3e2516a3e35067e0,0.017290722019625306
ck_3e3c64b3b7876ce6,0.06126555469953707
ck_3e3ea5d8c4a229dc,0.0654012032632227
ck_3e47f8c56c811700,0.012064353943532894
ck_3e4d02a04be2aaf8,0.011190810695937399
ck_3e6833574edf1736,0.011446908493832507
ck_3e6f35e4500d2f2a,0.0008634133093389949
ck_3e91dcc209431984,0.02684604470787093
ck_3e9e3bba8bd363af,0.0018404197148480363
ck_3eb6146c262e0fc3,0.005831795617754456
ck_3eb73e56751c704d,0.018061624583296403
ck_3eba1fd2c7acc4c0,0.16099619936583623
ck_3ec9b9d8dd7be11c,0.03652364682816022
ck_3ecd8a5ce65e21ca,0.008292519576167844
ck_3ed4d13f12fd9d0e,0.07068641961213112
ck_3ed9e081959b2f5c,0.015303402700123847
ck_3edaa94d28cd48ea,0.004351442793354563
ck_3edc45db58760d76,0.016376295297616437
ck_3ef7a03ebb81cfe3,0.001994664654600249
ck_3efb0e9bf25612c7,0.002607056239782682
ck_3f090fc96c24eb28,0.00457906537515391
ck_3f1287e6c27de0dc,0.019301251711437584
ck_3f16e2cd7e6874cc,0.03650950258952297
ck_3f5ae4673a9f858e,0.009013776365058332
ck_3f5e8f3f1df0c8c7,0.08139380456382814
ck_3f730318a9792292,0.017584144798908047
ck_3f7c870510083a51,0.017771920653009383
ck_3f8571d4f7420b2a,0.23889432297015073
ck_3f943f20a9da9bff,0.009991941277220414
ck_3f94a34f5038f7c1,0.6973781165295289
ck_3f9e6d356d3dd3cf,0.003981420758253277
ck_3fa1a523d77cd619,0.018839675821572595
ck_3fa559c679751b3a,0.018001558279299563
ck_3fb95862b70f505c,0.01470228336911572
ck_3fb9813849e51837,0.018906315422555522
ck_3fe86b6331ff95e3,0.11131878276330325
ck_40052cac10562cde,0.013241778621969852
ck_40140bef4db73741,0.003135654656952239
ck_402db4184982fdf5,0.01675007124953509
ck_403da2a2d800df9f,0.20950709958370464
ck_404e2217fd87fdd2,0.0064152214963053315
ck_405b20ef9ad0ba5f,0.06405940494578241
ck_406c4442dee45cd1,0.0010027775986238862
ck_4072b59388976896,0.006377433591870924
ck_40780fc0f8d6f309,0.02419997977274974
ck_40799e129fcf42c5,0.06789125717671965
ck_4085cd3bf2661518,0.019681806097434695
ck_4087065be2a45ad7,0.16500819454754942
ck_408efac1d3885ff8,0.04998538007411651
ck_40b4e264d1a12b83,0.8861815640683091
ck_40bc6de252865f32,0.005309705566949114
ck_40e84e6ffe788a4c,0.014588394458358576
ck_4108b4038f762817,0.022570987713570825
ck_410c3e13b48e0415,0.0024894437165143978
ck_411219470d0a195c,0.015678006947999538
ck_41346ccd9242cc8f,0.0019393275081687534
ck_4136b00924695ab4,0.0006797984853845061
ck_41406cfa209b6bda,0.001070669935484417
ck_416f7ac57da081a3,0.0135966983895469
ck_417090dbffb1a63c,0.02611327771440412
ck_417a3500b2c717b3,0.06591276691968294
ck_4185506d12cf9fa0,0.0018019402212992727
ck_41938582f4351772,0.0068195925740402955
ck_4199342d3aca74e8,0.0239348849923443
ck_41af3729590c2484,0.01369997070606613
ck_41b954c7a948c060,0.0055032142244979595
ck_41ba315d8fccb559,0.009363252301514769
ck_41bc3efa0fca700e,0.04296001729897464
ck_41d91dc9f5063566,0.022379033238522958
ck_41dd44308e6a665a,0.13986414339297323
ck_41ef7967faf5ce82,0.0004414201322333425
ck_420d1a9c604293ce,0.020744183975868843
ck_4221e07b17388fd3,0.05193349247551251
ck_42317c3eabd0a285,0.3336956928839137
ck_42341cf31c08c981,0.007941076698626908
ck_423ff4ede6a9f066,0.005656498663927699
ck_424c254249a109f0,0.08528154984588325
ck_42633573639a3f02,0.9562085302194606
ck_427b91925952cb40,0.031208652520504178
ck_4280c33af57eb4f4,0.0028825391042344053
ck_4291fd9c1161d8e1,0.030170297442573383
ck_42c6973d3a6fe983,0.002344648554479212
ck_42dcf92e9e016922,0.024964907467169686
ck_430a3d03be588201,0.007350409069586928
ck_431118050b834dcb,0.0008934800072536782
ck_43292f70a03ddf2b,0.07913197949094375
ck_432cc19c7eeaa46e,0.02763536167626258
ck_4339f86c87289222,0.620951768297528
ck_435cb24538c6f77c,0.06558868331944069
ck_43637d28c7216453,0.004488956446667498
ck_4364a83a11743888,0.004446338348151686
ck_437afe412ea4259c,0.15640696830304912
ck_437f9ecd2016a1a8,0.0021613571615444744
ck_4388abce33ecd01b,0.5057781488913016
ck_43948784650bb9ac,0.01623029072877444
ck_439cf7d51ec7de0f,0.009208015866637005
ck_43aa136bdb0a2832,0.38207342281112694
ck_43c1248db37a2eb0,0.003384587835043759
ck_43dc13b6b6d31297,0.019618912907427698
ck_43ea894480567274,0.020531157207962482
ck_44211dc210139ed3,0.01608381541434012
ck_4424a5223ba2fe00,0.029731146174456043
ck_4450b55f462ae134,0.00697021239901153
ck_448456f96788713b,0.040393553504565846
ck_44950df09ff14ded,0.000851850880059257
ck_44b9125526acb05d,0.03735884289266717
ck_44e57a0bad5a0745,0.012901226060068122
ck_44e9a18a8645c9d3,0.00258353701046824
ck_45424ea6f0bc4650,0.10618283996034238
ck_454a7e4d859a3409,0.0012263020246290617
ck_454b9e21b7f25a4c,0.0016719833710185684
ck_455672e652fe1abc,0.9551813559033285
ck_4563227b2038ae07,0.13840678401226475
ck_458531c22ec2f9b3,0.018196592989760986
ck_4596624a7c01d501,0.02684638420740505
ck_45a16ce12893cf9b,0.013509333848758588
ck_45cd5ef6b359e9b4,0.004589159753529794
ck_45e70c8a9686580c,0.058737637306744354
ck_45ed5ee496ef8a67,0.01802602253033291
ck_45f4c821c70d134f,0.6742969132362701
ck_45f57fb8194cefc8,0.0080675561796549
ck_4610a073bb54d1b1,0.019990115811296106
ck_461e3f7b97db8d16,0.04838508914558841
ck_46225858a38b2e57,0.011836848446313967
ck_4637e54a9f79e2e7,0.0011547369072994428
ck_463937167965a1f8,0.011531833187494326
ck_463ae759e2b6ad1d,0.021219465868133818
ck_465cb8ce232c7670,0.009992928094683986
ck_466103ec5bd9444b,0.006887182584093731
ck_46656a23f4456d22,0.4817297919556652
ck_4666232ddbf77756,0.004120500436745108
ck_466a7316eaf149b1,0.024352459625133663
ck_466d4b5366c50b98,0.0014630398172112398
ck_466dc6274fecd708,0.0049884878241461235
ck_4672167d7c989bbf,0.057404476148562505
ck_4682fad271d47eb0,0.9415386682260439
ck_4684fdd61c6a0fac,0.012857351264944897
ck_469a0578d05990c2,0.0070864331985177505
ck_469c17407d17b706,0.01871576743598966
ck_46a8db16ad00b749,0.009107967196498406
ck_46bc797b4d07d607,0.0021918162589074186
ck_46bec0bff167ed3f,0.028034009550309436
ck_46bfb2cfc29a6d2e,0.0026486842197766267
ck_46d51648c1bf80e5,0.14185647518935443
ck_46d8c029d46867b2,0.0016859667392918334
ck_46f4e1f5026f4d1b,0.00029896894101539493
ck_4717f24f2c6f40e1,0.13541063454184404
ck_4719112b55d20161,0.021671677653810808
ck_471e4018a23b4e56,0.0029115654094041587
ck_472c81a144f4631b,0.0014555979491467739
ck_472e0be7a3b533bb,0.02291989021757488
ck_4732da7e0d2dfc7c,0.0034668741977439375
ck_4737e0d56c6fa0a1,0.013885939425400373
ck_473d6314ea614b29,0.003517953025891947
ck_475ea9aa6d3898b7,0.10734967338624973
ck_475ebccca25e30d1,0.034904371138036
ck_4760216154c8cac2,0.5147315648047873
ck_478d2667aa9896d9,0.008386703467807824
ck_479a065d5903e9c3,0.0025932785522933635
ck_47a6005fabc33551,0.010753014321975363
ck_47a884dec960ff2d,0.013773863259600616
ck_47ab8e51e5b3a2d8,0.01207090415286878
ck_47cad6c3def4c9e4,0.002932286358528549
ck_47d29c01b20cf69f,0.007462197509545435
ck_47d3e8d1dd3fbcef,0.008435878481316527
ck_47de038381a9cd65,0.0362577107076138
ck_47e1032f490bb018,0.01205688648954892
ck_48011996d54855ac,0.5451453962479422
ck_4802a0a7a1882c88,0.3117082382384387
ck_480347ad92037105,0.015671318041978945
ck_4807726e797fb893,0.01689315589300194
ck_4819327a78615485,0.0015978947219172021
ck_482dea6eed92cbbc,0.00808830910877737
ck_483fb981a1fb4317,0.006175855282827993
ck_48446a9e8184c7d4,0.0017992334780159572
ck_4859a58629622915,0.1085117471178764
ck_4863077723cd6ce1,0.001331507177864034
ck_4874bdec79f9106c,0.02713387451476118
ck_487f7fbc290e4ae2,0.009899253769240841
ck_48a6754977a44db0,0.0038702353909828937
ck_48d0fc4f6a2109fa,0.9993024826016031
ck_48d4d63beb26b623,0.006109704787133842
ck_48e84b0cb0b90fa7,0.006358266670029131
ck_49170c4b31a20f5c,0.0008757539620485723
ck_492e4b89c61b7b6c,0.021745529792309856
ck_4937cfa6526ea138,0.0448353637703365
ck_493b6256091014cd,0.030408985282171175
ck_4940e78cbdcfecf3,0.012014044886069334
ck_494954023f0eb309,0.07917934805127803
ck_494ec63c5ce8e150,0.009428781961805579
ck_495d814d6d6d521e,0.002666864905221009
ck_49685deb63e4e8f8,0.01389112436829213
ck_497ed60723283c0b,0.015492473098470863
ck_49839e761d0e74e9,0.010719074044528912
ck_49886ff1e2c759d6,0.018887633670105826
ck_498a0acd450944d8,0.005216140632670076
ck_49969a9abc47cb69,0.0214986427588794
ck_49a0efb5d4067b6f,0.160009154971426
ck_49ab879b5aa7fccd,0.12319124175831192
ck_49bdba9ee1899dfe,0.03518575977517041
ck_49c3bf13dc9471ce,0.02047335629486046
ck_49c98bebd1338879,0.0013168973012694315
ck_49ccc3716a564256,0.0037457530861675246
ck_49dd816b31fba6b6,0.7101430355436221
ck_49dddb894d33f6db,0.036010564238556676
ck_49df70f908dfd069,0.09652687271336412
ck_49e253ea12f4e922,0.05349110663113782
ck_4a0eae220a762ac5,0.028321473836299627
ck_4a103f8254b366f7,0.004833317021404281
ck_4a1f0172d3bf4fd3,0.01036391674203675
ck_4a24ad61d017e1ba,0.024990878332482338
ck_4a522ca2dc4831a0,0.0007920308070405492
ck_4a59f4e10bf45d7f,0.0018014915728658632
ck_4a691892d9d6cf89,0.004504832015960015
ck_4a733aeb833406f4,0.010033075610308835
ck_4a9a791a1d409a3d,0.03882963874935455
ck_4ab74a6e7450416c,0.00302593333027862
ck_4ac918e884cff336,0.08397037238622934
ck_4ad5937bef176d89,0.002004754902503182
ck_4af5ec61ddbde1a4,0.011893847552489423
ck_4af7b97c24d89a45,0.017895006853120655
ck_4b00e75c2d2d0522,0.0016087389629047078
ck_4b041217690fca2f,0.12063736701687236
ck_4b088920f3a844c1,0.04741370117463747
ck_4b0947bf94e9d847,0.01222462429986615
ck_4b123d6931b6d0d7,0.27059810693806563
ck_4b15b0746318cf42,0.24153055890983546
ck_4b2e87d86a5e415c,0.07546215689787387
ck_4b31a8862a857e6e,0.6711023617458327
ck_4b3506b624e5193c,0.015045356631952448
ck_4b387765f0e916cd,0.001575290234784215
ck_4b4a3c5b95c55b43,0.0012142871198414149
ck_4b4d99e443618904,0.020860546373813665
ck_4b68b38c1b3326a3,0.006931139211271572
ck_4b84357ae8ec7777,0.012641172853672845
ck_4b97d19ed946f503,0.016299287671481873
ck_4b9dd69946438d0b,0.01425969667327068
ck_4ba8bec14c2217e1,0.02221197925855832
ck_4bb90a61c21a303b,0.01136828456039533
ck_4bc42878fa180991,0.03382153868251615
ck_4bca22b5926b9c28,0.0016139432496563874
ck_4be03a2aa62b93c7,0.0012625176346289322
ck_4becdd3d2696c7ba,0.00807262304002357
ck_4bfeb78b47b7c6a1,0.09984741639080957
ck_4c1fdd1669c7cf51,0.004505798966525215
ck_4c25570eb72711b8,0.0015973174456724198
ck_4c2f2eb657c2c60e,0.006159262768746451
ck_4c352dd3e7c81269,0.15797715422544376
ck_4c37586080edb7fd,0.000665016237147866
ck_4c4a939154446053,0.002375771283129125
ck_4c518637db2322d5,0.03581810187094625
ck_4c5ff58afe3d7a67,0.002820180635323399
ck_4c6ea04ce8ca9e2c,0.002941448415476328
ck_4c76efcc1ee6762d,0.010548438154148163
ck_4c7c50684827a2cf,0.012396140814688145
ck_4c840e5585a7b167,0.15719981413526882
ck_4c99a6eadea143e2,0.2947153000383267
ck_4cc11c7d3ca61f73,0.0034941668507642003
ck_4ceb43ccd0a81c2f,0.00969929067341693
ck_4cedf26628c84f26,0.04294052899136462
ck_4d1baef193cfb900,0.03313737165837965
ck_4d2159603045109e,0.013998088137346277
ck_4d3aa36ff83f1132,0.48835272245507677
ck_4d503c41cf4e5034,0.014073667182672158
ck_4d9eb75e8eee90fd,0.07205699781685483
ck_4db6d4fd2b49aa81,0.014002132762069623
ck_4db95c310e105d30,0.0023682653862844532
ck_4dd4ed23e0b927b7,0.24389056902642794
ck_4dec3df58077a257,0.14394046783674797
ck_4df036e2aa7e1056,0.007072376271265373
ck_4df2fb8e4b649e27,0.00855514972652848
ck_4dfa1c1e9b69fcc8,0.021262516247470564
ck_4dfd8947f540eb24,0.00792764980923899
ck_4e0e80f5cc271bf7,0.004540495122033412
ck_4e1757d1347ab387,0.9884270332338798
ck_4e329e29dfa743ea,0.358668882920416
ck_4e333c09f0c37dee,0.020347130957211593
ck_4e39e3b165edab58,0.7201135427450943
ck_4e4f99102f6938cf,0.0071332676261356
ck_4e862c2f48c38aeb,0.0026113829145278265
ck_4e9a6f06ab134102,0.017573553808815923
ck_4e9fba1ec54c3ff8,0.029861690630255382
ck_4eadbe7298b15e96,0.008542754256203551
ck_4eb1c12f7d092bac,0.0011144898593960218
ck_4ec040b9e3785e4a,0.00305735942281363
ck_4ed711fe4053e74d,0.25055333583795264
ck_4ef9de711c3d93b1,0.011710464898510999
ck_4f01f7eac0efaba5,0.02547264359481352
ck_4f05daf1cf0d5755,0.0029788614657673368
ck_4f0c5857da45fb28,0.0962427629021536
ck_4f1e962ff8a29732,0.0076824435428790834
ck_4f325dd15c9bd45c,0.04078560146835875
ck_4f463ef25325ddfa,0.5986263955390493
ck_4f490e379e9ded9a,0.004586287667862144
ck_4f521611ae14ae66,0.0021913781772022033
ck_4f5d022c99f118b7,0.038778447634324906
ck_4f5d7985bcc2eda4,0.005386261209358844
ck_4f639f4ee6ce8d9e,0.09056077432410505
ck_4f63d5245b3ac1dd,0.030505101247329483
ck_4f6ed5ea5ab7c429,0.005052119713360304
ck_4f75144c6f3b13ad,0.01784570023495044
ck_4f875342394c110f,0.059824982642421434
ck_4fa85cebf707de2c,0.0014092828479974212
ck_4fc6256e0e60a926,0.01393794541303564
ck_4fd9dc00e1913587,0.9622572254755144
ck_4fe4b072f03f2c1e,0.0014339236378191594
ck_4feb21e2fb0b3977,0.0033793531864246113
ck_4fecb87eaffd5cb5,0.0030207296851431213
ck_4ff6fc70bccfba96,0.18369315416968623
ck_4ffe0366df388604,0.01601037417928058
ck_50087d8666191144,0.34395954469255724
ck_500948a8d4bd8e13,0.009925659800501606
ck_5009a6c8bbaf15ba,0.16447637194257325
ck_5010ffb1c94187b5,0.0007605556165400663
ck_5014a3b07e1f049f,0.2506448353680167
ck_50176dae5b1b716d,0.0020072556311227325
ck_501dcf1ead036d2b,0.016711796662609232
ck_50422466f145bfd7,0.0036796336219491496
ck_5043e474f848346d,0.04228365789398912
ck_50460e0189de6274,0.819203103393732
ck_504a45ee08db72b6,0.02115429416118982
ck_5060aefcc8b6f958,0.03591562992483404
ck_5068ee554ceff971,0.02846304234413824
ck_507a6a580ab55c76,0.013757528934400064
ck_507e40760a24d2d5,0.022161284706646946
ck_509c22828d467ba3,0.04354907242657119
ck_509cece86a558de4,0.007235313482261277
ck_50d0bb7edd8c69c0,0.06081808479119908
ck_50d7c4dab837bf66,0.019389277033809108
ck_50df50af592b0c06,0.012157976974206687
ck_50ed8f4e7ae6710f,0.014653327109488409
ck_50ede3eb561a202c,0.018583937014429622
ck_510bfbbee37ff436,0.015664316149647417
ck_510e7c5df1f95d90,0.979047115512703
ck_5124a2e415384945,0.044209683801511857
ck_512ebe97c0af94dd,0.07321362861673465
ck_5138f6c575dec64c,0.023254496342478625
ck_51440f64f7250ad7,0.04225241296969387
ck_515379973a8044b8,0.008870962643304255
ck_516163fcf04d5e77,0.02156268305863822
ck_517620ca16505af0,0.01901823659762205
ck_5177fc7137ff26ce,0.0007611727456057881
ck_5189a302cfa7cefd,0.000473846561233831
ck_519a26ecf3d29c90,0.0024822214773574233
ck_51bbbf8f8e8ad005,0.9974118496767471
ck_51bd5f69b4fe0b92,0.5951404699279792
ck_51c50c4c443df31a,0.41776545532689907
ck_51d3e8dd7465c015,0.006856320277710598
ck_51d842e6dae74c71,0.003048938168359312
ck_51efdd240e34c642,0.05800475678384089
ck_51fe0b613c076cbe,0.003912944105541619
ck_520ec32c4f253604,0.029050757269440796
ck_52174855b243a8b0,0.04553741763819384
ck_5217b55593a332ca,0.07202024881410059
ck_522477be6376b450,0.009855834886210694
ck_523dce06515b072d,0.017838031485591814
ck_52427b3f8478db19,0.008724046789134127
ck_52453401f88935da,0.020908573334409573
ck_5245cbc5ff4d4fa6,0.016022548574254204
ck_5249b223000915ec,0.01856341020699057
ck_52730906e5b461eb,0.969707225471478
ck_527550dd15f38782,0.014193498979400957
ck_5275be4e1577c1c7,0.007716612262724097
ck_529fc3170fd11abd,0.07847095625770532
ck_52c0ef68aa2fb8cf,0.02481288418161472
ck_52c311f29ca3aca9,0.0020321959740021724
ck_52cc2fd5095b169d,0.011413983416304344
ck_52dec82e9cf6135a,0.0036575028470728623
ck_52e1418cf1aa9871,0.025326191166598327
ck_52e37e2170532e2a,0.11996407075571955
ck_52f641c9ee6fda70,0.002443058133322229
ck_53036d3c6c74446c,0.21367788276435834
ck_533672fb40531607,0.31984868997981253
ck_533c4f7400d5ab22,0.24187911817937807
ck_53428573abcd606f,0.01523784970306916
ck_5379452a9d74efae,0.0009231482154531444
ck_537cc97d0398c922,0.09483220208207861
ck_53816231f3ffb48d,0.025470965781042715
ck_538dad7f096458ad,0.0020052955854431907
ck_538fdbbb3c2bcbbb,0.026558274165033858
ck_539cb0d117db8cd3,0.1700668487414587
ck_53a6a33060d5c8b8,0.0052560748225813185
ck_53aca610e20598bc,0.00785371054393191
ck_53c8315b5c30acb4,0.010054942047613995
ck_53cddfba570b4a3b,0.04701421386631517
ck_53d17ab97de1ac3e,0.003891787562723873
ck_53f55c6e8cf2d432,0.0010095728701945898
ck_5403c76fe68a08ba,0.27738206768489765
ck_541a734fc457246f,0.10154311728907855
ck_541b6ad5d2fa5a39,0.016746100139676836
ck_54459b45d2be8459,0.0031786990098053693
ck_5448c946cc4758fe,0.00799827336525873
ck_544a9e80b7fdc279,0.002324545030888151
ck_545b71eb4fa594b5,0.0035535548345517537
ck_5468fa99c945d785,0.04515875240108966
ck_546ad962d04b7de4,0.9544001960209211
ck_547090bf35a3b243,0.00654663053852247
ck_5472214011fbc2a7,0.005011038778807551
ck_54748ae0f2daaf10,0.022594945643751183
ck_5478eb69ef912785,0.1639352001015853
ck_5486768475af7bb5,0.8783296667861418
ck_54978a073e7a0b1a,0.005308320605247369
ck_549ed417f2834cee,0.02687359919157826
ck_54b087bd873af8b8,0.0025354510363413945
ck_54b0b070689c50d6,0.004414828424913093
ck_54b374ade34e1dc1,0.004821486550767501
ck_54bb53b8f8ea32ae,0.974862793804272
ck_54bfd70022c66983,0.01100528367008096
ck_54c2604c9ca6256b,0.026016839277809147
ck_54d463f7fd89ec3d,0.04410104246663227
ck_54e2eb018d947790,0.005671974520260611
ck_54e581f71be5430d,0.0027563505943952117
ck_5517b9a865960542,0.012471013909742187
ck_555848d51f4b5f35,0.019102646386534076
ck_5567779d6ba184eb,0.010567280568963132
ck_556786868599143b,0.009589212168981046
ck_556c62e92d4e7e5b,0.19401287569962866
ck_5576b725de38d106,0.01530658652114304
ck_5576ffc6aaf6f22c,0.0010696914760324433
ck_558a82590f65df69,0.002788776859305339
ck_558cfe5f77a55a9d,0.0075582747376741494
ck_558ebde8c29132a4,0.02102630534346486
ck_55933936536a4071,0.00927367194609818
ck_55d0c7012d7ef236,0.046635411438307885
ck_55d7217b0aff9fa2,0.00918348763029982
ck_55efc92394fee232,0.02853269816093216
ck_55f2ef0de3420e3e,0.03667628222395256
ck_55f50a9ae2db8ff7,0.009219958832258467
ck_55fc62a5f89a7251,0.02514111344356624
ck_560bc6017870ab06,0.00762390741475905
ck_5615c6bbdef05291,0.13996103169839844
ck_562320295fa35875,0.0048196363740028595
ck_562c76a3753fc7da,0.6355189481092753
ck_5647030283171ed5,0.8001285818351946
ck_565e3418d2f4061c,0.013975494898756404
ck_5662492a54e6688b,0.040022171307332696
ck_5691cd6fdb6d8147,0.028087846258068226
ck_569b83668d74042d,0.41705853149339417
ck_56b389627d8f02c5,0.9250094214613584
ck_56b992c6f136fa5e,0.016681011122067577
ck_56de216eda6b7fa6,0.0015315197486920388
ck_56e6cfa32156a916,0.01867546339143381
ck_56eed7041add49a1,0.3062365779104077
ck_571133b2aa8ead51,0.02814097631531881
ck_571dee4f3336c7ce,0.011104047519764232
ck_573feefba6bf78bb,0.0301947882754275
ck_57658eda1c59bc52,0.0011368088390438984
ck_577c816b41cab002,0.7809015947316854
ck_57849e15b61c43b4,0.006225481702694725
ck_578f67e69e5d2cfd,0.0073973477519082755
ck_5791f8f76a629a4f,0.03850774572216586
ck_57a6b56b09bff24e,0.006292840592675137
ck_57b3fee69bdf85e8,0.0041603279740875364
ck_57b657aba4daffde,0.039531838031412886
ck_57b8226610b48854,0.004442752781365962
ck_57bbb19eecb4b87c,0.0036630639525710262
ck_57c07c45269ca8c0,0.004166570647916871
ck_57c14e32fa4683bf,0.00467575358774951
ck_57d0a7eb7eae2eaf,0.0670225109362957
ck_57deb202d4188a29,0.004264388218101261
ck_57f17254e2688637,0.029607866482787515
ck_580dcec33ec232b8,0.0024382088701691076
ck_580f136ced341298,0.005092712541763047
ck_5839f5cbd8165b1e,0.006486866632024731
ck_583d6ca78c97d91e,0.29255940345187126
ck_58412a2674fea506,0.027313771705320972
ck_585ababa02383b50,0.009895226294099694
ck_586001d3ed9e7fbc,0.004642465122606893
ck_5866b413549765bf,0.0036777876342935795
ck_5875828b11406398,0.028365161969490387
ck_5881b174e49b04ee,0.005551413191632264
ck_588f6e6a6a6d93e8,0.018449919415811863
ck_589109a188adc2c1,0.005134037513372161
ck_58955542edee1adc,0.0058793916009993105
ck_58afa1550b3b5294,0.015991616666407762
ck_58bb02d98e2b9cd5,0.018448249981528688
ck_58e20f5a3e7f11b8,0.7438231574068523
ck_58e5359efc52e0ad,0.01795578387013127
ck_58eb871e8d7bed52,0.020170332779097536
ck_58f4c3ac61fda129,0.04804950649470516
ck_58f757e40a9b8877,0.00971248140809489
ck_58fd684aa5a6f289,0.0001421981886134827
ck_590716322ff147ae,0.0536906765441135
ck_5923f53b77193a58,0.08419445350629254
ck_592a3520d841d11b,0.01438967943823307
ck_59371c9140239fd7,0.016627655633464127
ck_59472d17debedafc,0.022153954825269898
ck_5954f45a2ab45f43,0.020654359673360358
ck_59684167f9c6bf4c,0.06666123323917232
ck_59735f4ab2ad3da5,0.02988829313469697
ck_5984be472d2bc267,0.28922196526846417
ck_5986119e7d81e831,0.04041693263833683
ck_598e036a28262aeb,0.03132251249824467
ck_59a14d2564193101,0.003327311270728286
ck_59a164c40c03a45f,0.008029153721571553
ck_59a561f3df01441a,0.03209887600574726
ck_59a9e000fa275e1f,0.03303476021789265
ck_59be61b53d971611,0.012182336109386571
ck_59c29d9c57b4f994,0.008092153494196981
ck_59d086fab5998646,0.043785925112809265
ck_59d380a0973b3951,0.01386052311005141
ck_59de511b20c842ba,0.018258494105117647
ck_59e77e3a81f1fa0d,0.04247595777014015
ck_59f46321ecf6d306,0.010156796139827014
ck_59fae092fb0c4aa3,0.025843294065136833
ck_59fd11b3232de9dc,0.9562003667023846
ck_5a17c89219d1d9fe,0.014112651367631308
ck_5a22cb36d612236e,0.005975371842607815
ck_5a29b7018e43280c,0.0011927215319071404
ck_5a4d19f1b83feeb8,0.012893209642695913
ck_5a4eb535c9a11993,0.023704108856004148
ck_5a540b75c866166a,0.03366537545384736
ck_5a6593d954085775,0.0019987527186698544
ck_5a9d5f9901e37e31,0.033341816311930284
ck_5aadd286d188f5c3,0.011862273371373975
ck_5ab39bdc9610f6f3,0.27928596232967684
ck_5ab68b434ad53fea,0.004185390787244972
ck_5abe57dfff4b735c,0.01793289440875544
ck_5ac335f02280271e,0.023219321848313417
ck_5ac86682385c86b8,0.02733117499969892
ck_5ac959cbcc5e98f3,0.0032332284232011784
ck_5ad798286384484e,0.07762018250426655
ck_5af9934a56801ac0,0.007265016805831886
ck_5b137d74bba6b1b4,0.0004983701421631641
ck_5b16d67c5ea89930,0.02181970475977966
ck_5b2728f7cca414ae,0.0004411026437888513
ck_5b3ba20c8bb1383b,0.015701890087601
ck_5b52ee0a13c71590,0.010498460808218027
ck_5b59e859bed5b40e,0.014499562227972846
ck_5b5dea6476d4e182,0.028621987022544516
ck_5b73d7c5255e58a3,0.15022797864098641
ck_5b82c774df10d49b,0.0009402820023693871
ck_5b8315726f6204e0,0.03519711459907755
ck_5b86fd14e85bc9c7,0.7091958618929749
ck_5b8fc4a76f340797,0.03384608861243962
ck_5bc07deb82edbad7,0.002696423638706443
ck_5bea0e0ee0b094cd,0.0035932191817761635
ck_5c0fe988b8aa7fcb,0.12671814362392952
ck_5c2d43ff841632f9,0.011601895704627276
ck_5c33bb46c1a5945b,0.0462636208403769
ck_5c36c78b7a4d138c,0.12617394504582172
ck_5c37f7563fa7591d,0.020809949270173333
ck_5c3a671883d58b3f,0.0003812254945716855
ck_5c3f13de0dbd5086,0.04077895258079284
ck_5c45968a805132e0,0.01725603320820371
ck_5c47b49c26cce286,0.013165977292576783
ck_5c5284c45d9ad8bf,0.03202868668708147
ck_5c58e7f8fd55e26c,0.004729706734681568
ck_5c67f27816ae0b6f,0.011076475028111227
ck_5c7ad6e731b69333,0.1781756414663237
ck_5c82444b3b9160ae,0.024817616010126765
ck_5c8390017fabfaef,0.029104440915783417
ck_5c85d93ecfed4b0e,0.003203939451365423
ck_5c87eea1cc07cc92,0.0835219920116973
ck_5cacad76e02c8e3d,0.9653577997274636
ck_5cb9d7b2329d5ab6,0.03320997400299773
ck_5ccc0c94e5e1f849,0.023156681582224097
ck_5ccc1a1c78cb33ee,0.07243662570694741
ck_5cf67a3a747e684d,0.4037952746606968
ck_5d01200ba3341462,0.009507290652001425
ck_5d038ecb3c8748a3,0.010138491308918921
ck_5d16e257c0635f7e,0.2680308333691143
ck_5d1e25d7acc5af9a,0.012322636541742867
ck_5d22e9ca1d15180b,0.4010389721212108
ck_5d2b9e6e087b8dfc,0.995593361629311
ck_5d4ed73b9efd7d11,0.003149865383278643
ck_5d5ef9e75f65d076,0.022675552231294655
ck_5d644224135d7c65,0.010390656837536897
ck_5d72ff6cc2963d1a,0.008682731537347768
ck_5d75ea4f5c9080bc,0.3621839007991415
ck_5d7721930106dce8,0.007632980660541725
ck_5d7801201749ffde,0.009500719799396134
ck_5d7ae0e3562e99bf,0.030996969243469154
ck_5d818522cbfe2a54,0.03229394499922896
ck_5d8481e2b38bd99d,0.02218075498650294
ck_5d8773badd0d4740,0.0162964397657974
ck_5db1cb368bc41ac3,0.013593835701630315
ck_5dcd443fe0bbdeac,0.0028351643393160595
ck_5dd80b3c01457bd8,0.0234152838829269
ck_5de33a7a87e9aa62,0.03612003017900983
ck_5debd55f361b2ddf,0.002688434086422066
ck_5df6529ce8290906,0.005318376705649239
ck_5df85a8924e11f27,0.057906614121263855
ck_5e021f2a3b66e256,0.05251599877272507
ck_5e18870d8e30e379,0.01344262899867252
ck_5e1b81848718bdc3,0.01869500336708301
ck_5e20953547ba4135,0.10587507755142715
ck_5e36042cfad96c99,0.4296733658510118
ck_5e3bc76eddbdb0a6,0.003341399947026018
ck_5e418a7c04437b4a,0.033592827149908376
ck_5e512ef5362a3dd6,0.004637745269111858
ck_5e5280539257c986,0.01198671974175592
ck_5e5461dac83531ac,0.03252087405026693
ck_5e68ea2c5e893cf0,0.0550986976364478
ck_5e74fdadb93ff293,0.04094405529430752
ck_5e84bca0e362da20,0.03177118940386425
ck_5e8e857b63966609,0.35691574441749685
ck_5e98ed6391d9f429,0.01919937062893552
ck_5e9e149a3b69c726,0.05987555978782906
ck_5ea89567dfe78e4b,0.010189705622271849
ck_5eaeb87bf6207406,0.9163497074865671
ck_5ee32bc6bb5d1d4c,0.03731154547421638
ck_5eec9ed855c26000,0.0009747670052176218
ck_5ef50fb07b6737d5,0.00913524748240038
ck_5ef935ac3d4d3332,0.021537191176073646
ck_5efbea1befdefe1b,0.1720983928990521
ck_5eff0208c74ec714,0.010652989856142207
ck_5f0be7b468a72333,0.012017717272676483
ck_5f217bfe28954e75,0.9976182036494714
ck_5f3609511443e5a8,0.0032330028002237406
ck_5f445182829ef342,0.024266310695832048
ck_5f48762a14a0326f,0.0030577032193278577
ck_5f4a25ffd0b85a47,0.01391869692316006
ck_5f52728d777ff2c5,0.022924677812386916
ck_5f864d72d1eead99,0.05460306664029511
ck_5f87eb05d18186c0,0.006490059090136991
ck_5f9a7ff990341bdd,0.0016676081225324134
ck_5f9e34c849704b95,0.01079125702901543
ck_5fc65c24e0736d5d,0.907119204276293
ck_5fc90b4668ea81bf,0.03277771797908242
ck_5fd8924732fe403e,0.1495155210370613
ck_5fdafeaec036f016,0.021659385828267975
ck_5fdf8a0bdbd3ed62,0.0145149422893945
ck_5fed957287ebca03,0.0024260006084503224
ck_5ff6108056a3fef5,0.005723583569091156
ck_60187ac2c473a662,0.9844689414264609
ck_601edf9105b3c321,0.9830338337839193
ck_6031211ff118cf0f,0.0016712969576094241
ck_604c17cb97dc89be,0.042389168509197786
ck_604c710141327a81,0.007638943085704275
ck_604e1b8a8c693aa7,0.013897522903778917
ck_60557f077abc42ca,0.30770589426048284
ck_60796eb60fc3043e,0.004693214120119171
ck_60896cdac2212bea,0.05183165269259457
ck_609c249edd88c565,0.005085201937746619
ck_60ac5e5f375daa38,0.004118582106691169
ck_60b023af6d1e30bf,0.6437131587090239
ck_60b4d59953505682,0.47298840224626804
ck_60bf8a2870956fb1,0.015601392848682795
ck_60c3d8306527a08d,0.0026160997937806044
ck_60f4fb44f5efe3a0,0.004258095327076299
ck_610815786d729d2f,0.008460090151757606
ck_610c7bcc1cd7ecb0,0.01877895814418726
ck_61129937ee466b49,0.020806276871224983
ck_61176dafb33b2d8a,0.8084927241577259
ck_612089ec90c37219,0.02143558961147316
ck_6149ffaf18872dc8,0.0026860126655453534
ck_614d936cef98db04,0.004304315668672411
ck_614ef655f0685060,0.0017532302217641595
ck_614f777c2eb5d537,0.007110526888236225
ck_615277c8a4e2b18b,0.008265502295383776
ck_615763afc2e17a7f,0.0011086950759295075
ck_616cc31910f5de50,0.006586221082492535
ck_6176baea8cbebbb6,0.012438222941315812
ck_617b65141f546a1c,0.003966114771209979
ck_61814ae9b6d8eab1,0.004812979801559668
ck_618c4e5cfae99dcd,0.06485354730712613
ck_619842688294dabc,0.007965885503014594
ck_61a59a7944d6c53e,0.19076101994334324
ck_61b067de8ffc1ca1,0.034611969523460635
ck_61b79dec96d15713,0.006716248364667703
ck_61c3e3e277629646,0.012358305875335717
ck_61c74163eb36556e,0.007223412854821875
ck_61d244b2cde483af,0.011275229019678264
ck_61d7b0568ec5d6cf,0.03427219204097297
ck_61e1f7168cd9ff25,0.04451929393641135
ck_61fa051192f3e810,0.01528536542111656
ck_61fff5fdaadd394b,0.006562181655104925
ck_62081bc35aa59931,0.006788360693318548
ck_620d7ae27af83cea,0.0033783888604077676
ck_621c9ddde6bf2eca,0.044941690944933166
ck_62337eccb1672737,0.0074112209589674615
ck_6236a461dc0d11a3,0.006016212754471859
ck_62720b81617896cc,0.03596113257419493
ck_6276ece8f80ea799,0.017433926145614315
ck_628f449e248c19b7,0.07974961538338825
ck_629537d8b4d0f395,0.016287003486313824
ck_62967b91504149f9,0.004570667675568563
ck_62b9fb3db284941b,0.01197295522567477
ck_62f46226f244139f,0.020060651928438717
ck_62f5cfe22c952694,0.0021252477967931187
ck_62fd7eb46bee9210,0.030954406681674606
ck_630530e50764f229,0.022593404954819523
ck_630c835243c66b19,0.9866348485928557
ck_63133a79f23e2627,0.1363826401316913
ck_631ea1ae91ab333e,0.021433086843556205
ck_63356762d24aab81,0.01684894171574973
ck_63379e3c9fe6f711,0.01690615920526725
ck_633e6579f5c74a5c,0.5955407896399818
ck_634276b05f4381f8,0.005317254802116256
ck_6343e0d3b1c2962b,0.035454828716430145
ck_63560eec94b76d2f,0.014447429641211103
ck_635646a661f05b4a,0.024746524797757317
ck_63601a58a6120d8a,0.06281967176918944
ck_636111f7f030496c,0.009460296284363475
ck_63743141ffa11f45,0.01935303791969649
ck_638df9e8a22dfe0b,0.006645796595493076
ck_63ce4f44c92d7143,0.03150887105013691
ck_63d2978706e193d2,0.03499571105456285
ck_63d4f5076fe4406e,0.006015504317337463
ck_641c8e7694b21f3b,0.01628347825898376
ck_642344e5c652d8df,0.026234094810078434
ck_6426427efe3228af,0.06623056605021412
ck_6430a8792f400e0a,0.009565108125827483
ck_6438ae81d43cb196,0.03394785891905736
ck_643abfbd7548d0c9,0.09022617581435621
ck_643f549b4ac78a26,0.3699380776282055
ck_644b1c1149eea9e0,0.020087661580791217
ck_645f15bbbcff3b4f,0.9981860715320356
ck_646b15f753e5e9c6,0.07076109820802677
ck_646bb3c7be5f0817,0.005948241688089104
ck_646d8d0834782d6a,0.1752844153345354
ck_646dc03de4c31803,0.9016858543732443
ck_646e270e0195bf05,0.017578926045718007
ck_64796b6b2c3c7f06,0.021116665540144942
ck_647ac26c5900f082,0.007655979099613157
ck_6482ed4491bedcaf,0.007279291182434995
ck_648c03f9aa4e45f1,0.01872370802393648
ck_6494f0ef13ce44d9,0.020256640692515607
ck_64a02b7b96149810,0.003406449775630046
ck_64ac5e6fed86ab60,0.9150536931391328
ck_64b4dcbf436f0b75,0.00957628967429403
ck_64c1633297f43788,0.0014790914018676098
ck_64eefec062592c43,0.008558900310702675
ck_64f3bb17101b7c42,0.0069858611881256924
ck_64f5eb4be9e7b8fa,0.07766273804673449
ck_64f5fba6af67e024,0.014724048332018467
ck_64ff60c073fdb6db,0.018596024257629514
ck_650020c500b1b50d,0.0080264921516449
ck_651e076ee43aea85,0.0037082023893031824
ck_65491367584c730c,0.02674003455772388
ck_65519d0fb137e0c5,0.006755113076554342
ck_6573c4947cc8607e,0.04444906997571217
ck_658b4b54be09a4bc,0.9798692638939082
ck_65a23ac8e44eb901,0.001139313402750664
ck_65acc43a6dc3e65d,0.008968013821946794
ck_65ad9b15979e3247,0.019179312781331982
ck_65be698386474170,0.001948886739269089
ck_65ed7e72f24731e7,0.004452720707198793
ck_65f76421be648549,0.03552728145928045
ck_660f0006780e87e7,0.005495001755486732
ck_66147fb994495396,0.1305400795231373
ck_66267bbad1f1415f,0.9968532555754387
ck_66439e697695224c,0.002052485137727592
ck_664b5e02759f985a,0.004640391559532618
ck_66600620149c8799,0.0023094385144544153
ck_666b95e75d99ec4e,0.7486224589742857
ck_66746d1090d6d9e9,0.0020772754658841867
ck_66779098e78c1760,0.0031912942188969977
ck_668c7fc7d7e47c0e,0.052936692729105034
ck_668ec61c4c39cae3,0.002261375852366511
ck_66949171b387bb93,0.02444021524872841
ck_66a8325f28be7562,0.004845242754960031
ck_66accecabf3901c0,0.03561362726404853
ck_66aeb00e44486cda,0.17770973240949847
ck_66bed631354de5b7,0.00233676814805262
ck_66c9a19963957531,0.07642895406038408
ck_66cd34bc568d95e0,0.0069508270040442985
ck_66cfc1ebc9a513c8,0.004659177028141395
ck_66d0c6d6b67a8d58,0.003924520685979146
ck_66d38518f68e6194,0.0006473759490292048
ck_66dd4f4b4127256d,0.0023419135513781577
ck_66e81a4190c33510,0.004169439446764645
ck_66eb09be007f0755,0.02398067458742066
ck_66f0945add423e9e,0.0037965015467154115
ck_66f94903177f20eb,0.005101474464362924
ck_66f9f78d4c6a3edb,0.03792688280049783
ck_67025c64588abd1e,0.003956641486967446
ck_670dc4910cf476c2,0.0012958368060123143
ck_6715139e240007d9,0.004314883204951531
ck_67207e3eecc02d76,0.0224038499063272
ck_675c0ca1ebb1051c,0.0038238486234811442
ck_67674348e68d1f25,0.01738284841524482
ck_6768c4b2aa8ce586,0.019568834508164268
ck_676fa5f6aae5475b,0.013437027172740073
ck_6775e387dace7525,0.08151292599708253
ck_677e1d0c14cbf569,0.006416273694881126
ck_67858bc00e81490d,0.0006870396874026211
ck_678e74532ac19700,0.039145680195083195
ck_67a1aa88d2ea554a,0.0681624255346605
ck_67ab6f9e05c85085,0.012931791979532635
ck_67cdcdda3033842d,0.012235660593350298
ck_67e075c982add719,0.020073625183947535
ck_67f3794d93e2dd67,0.0777859645049472
ck_6821459b626d492c,0.004337802809314364
ck_682262b455a9edd4,0.0027736274896165906
ck_68250033717cd59e,0.0064377799673690705
ck_683af7b1540a0b22,0.032840349820177625
ck_684609767df4a14b,0.08305538867283883
ck_6846100e43659bf3,0.003260003182147648
ck_687ab5d5554bfa79,0.057767156546117714
ck_687b412e2aac7eb6,0.03365914156936446
ck_687eab3ffe1f8cfa,0.020145964266858166
ck_68914e67343a7d32,0.014403131981621662
ck_68b5542459638b56,0.032726289010683564
ck_68b8b859a6ef505b,0.05881195146389543
ck_68ba25dc3385fea1,0.03175848449075228
ck_68be4fefc85a6b64,0.6287428736366892
ck_68dd79a51eabf5e6,0.09683394697974385
ck_68ef3e7301c621b7,0.02685182150745619
ck_68f56f6560a7a933,0.0013859950931693862
ck_69105f881da3c821,0.05281897457367039
ck_692a9e8f504b9762,0.0017325250019345107
ck_694eb6c43193afd4,0.015205973347828498
ck_6957905a65c47879,0.060700848341375485
ck_69587a134d43a4ad,0.09151801207425508
ck_69691226c68fd50b,0.24634533495783353
ck_69887d0a9aaca6df,0.0005772546967284704
ck_69ab9d4784eb77bd,0.012861324200758166
ck_69b5620e00ef5dec,0.0013402223153841078
ck_69bd0b1abea7e1f0,0.09727574414146535
ck_69eb0b2ccfbe5f95,0.007859376678052801
ck_69eda24e931fb36a,0.001225098169295953
ck_69ff1b0aa143a168,0.001716277082728568
ck_6a01c375fc26705a,0.002019500963158533
ck_6a0684436a1e66c3,0.5287561785836635
ck_6a0ccd7357979f0f,0.07703176776738338
ck_6a0f8f8fa4a3c2bc,0.02530875964120297
ck_6a17384072f904c0,0.004916287997071698
ck_6a1ff9d69466181c,0.9967990353979902
ck_6a27c44b691dbfac,0.0018450902844174936
ck_6a28ea6ce69cb869,0.08826220396929026
ck_6a2c4edd82e10969,0.0009334920740920038
ck_6a475fe324d7d790,0.00949403297325251
ck_6a4981bc721df37a,0.01780420767226008
ck_6a519bdac0d94527,0.002611522291449868
ck_6a548da1728b5823,0.9720481084688487
ck_6a892dd5d05c1649,0.011461575413318577
ck_6a92cf5f4cf5de38,0.01190885103945557
ck_6ab83f45bf16eaa6,0.004726657746344965
ck_6abf8302ce052451,0.06858933001913176
ck_6ad56ef40086dbe4,0.01715643616321887
ck_6b114f2a48152b96,0.0018212055088592293
ck_6b1ab0742ff04c3e,0.03628634334812225
ck_6b255bf68709109a,0.0065274502124579034
ck_6b38763bf5ddbcef,0.008785690646627998
ck_6b55ec4e87a5e22c,0.08866618207850564
ck_6b67fe8e310ab865,0.005500549875459637
ck_6b817117d87063a8,0.019199723757974588
ck_6b93bd8abf87b1d6,0.8727467476756157
ck_6b954c75aad8c012,0.024883295146492852
ck_6b97d1ab90f6bdeb,0.026242060203713218
ck_6ba091eb42ffa9fb,0.14683155703362508
ck_6babe5b8674ff51f,0.005890160627930465
ck_6bc0e5b8c0b7d2bd,0.05008455350682682
ck_6bc351a3d57aac54,0.009939915451541739
ck_6bcfa37c717f19f1,0.02037747600727645
ck_6be8ae9d78148882,0.008091654962800267
ck_6c084bfcb38e96c3,0.03446044114442655
ck_6c1dbee7e8fdd5c8,0.014130937780793378
ck_6c2453229d608183,0.0383850788174914
ck_6c26c12071c91ff6,0.002129505566945166
ck_6c33cb15b0d8af54,0.012404224674525495
ck_6c48c58678f64bae,0.0023257228463405832
ck_6c54adce174f45f4,0.008921779039574416
ck_6c679602a6476ab2,0.007507953333284236
ck_6c72a36b05fa0f4c,0.09764863340995855
ck_6c7b41374f9b2e55,0.013360616485648596
ck_6c83aa1d100a7cd8,0.06666165330662557
ck_6ca018259f70858f,0.007946885943571083
ck_6cabb1a133f0b151,0.018374740795564313
ck_6cb7c97b72d6b5d3,0.010961118434607292
ck_6cbb011e0c70bc7c,0.004051297136848297
ck_6cd8e0196365c474,0.0017545817627399867
ck_6cdac067cc4db5c5,0.06779516611613332
ck_6cfa71d27fc27f92,0.010642912126652903
ck_6d03a542922b2ae8,0.014808281287969674
ck_6d07d6d1bd227d37,0.028165366307444976
ck_6d0d081bfa8a0022,0.02408794458214965
ck_6d26a152f900fee8,0.003559280940378345
ck_6d4cd2de601a2308,0.023053267774646398
ck_6d64190623dea714,0.002072526329975847
ck_6d64193681d2a94f,0.02133641921402863
ck_6d64e1c07b19856e,0.002803077288890659
ck_6d69e092f9b0848b,0.014336932309221758
ck_6d6ac1f5dd882aa5,0.004793492116294111
ck_6da9c5912e15d9a8,0.0011766067739712041
ck_6dac66c8198c07d8,0.01312785126141438
ck_6ddb55b1f23c6cb1,0.009204868954932792
ck_6de2aa2bb60978d3,0.030320776617588585
ck_6de6b1663f9457f4,0.001811051564475358
ck_6def9d0429e4ed4b,0.014648842652646812
ck_6e44024e9de301c6,0.0019215301148909861
ck_6e4b99fb9725d9fa,0.02190508089222356
ck_6e4f31bd108571f0,0.0030390757097226557
ck_6e5752b87324b58c,0.012540482804942663
ck_6e606f73a1094afd,0.011618387283565703
ck_6e6258227fc8db7f,0.0024100656820249264
ck_6e67225ba59fa5ae,0.06569031660220974
ck_6e676daa4855b58f,0.05902571010662223
ck_6e8751b571ea54d1,0.02585127562233909
ck_6e8ebaea8f7bffaf,0.0010740433833114932
ck_6e8f8ef7a03cc6bf,0.013298613121549889
ck_6ea70950c1cae00b,0.9721273645795804
ck_6ec39903f765956d,0.049875127517727234
ck_6eceeafd56b42576,0.13538640366288832
ck_6ecf56236789fc09,0.9528692748271728
ck_6eda4c36aecad602,0.003703141800423534
ck_6ee939b7f396975f,0.008748613868600954
ck_6f04d047d1dde75e,0.000678983690606513
ck_6f2f0396e5b1c538,0.9048565016441821
ck_6f3a28eecd2c4031,0.008712770351859316
ck_6f5bb0c930644cae,0.9985962078050163
ck_6f661b428d6fb8e4,0.012985339712066722
ck_6f730b77dc6cdb84,0.008187753339631522
ck_6f73cdbf9305e2ea,0.010402188574420575
ck_6f8102f62c876cc9,0.020400968878308872
ck_6f81c199e986d9fc,0.004629618807105663
ck_6f847263379f2e43,0.024173967321573012
ck_6f8ae0319c07cafe,0.0030202712148674725
ck_6f9fd15ac6b163de,0.0009336057967991539
ck_6faf3e6820398866,0.015481662612273576
ck_6fb2d142c09ed3ed,0.06380504696818547
ck_6fb39b60c67d5475,0.003540596130895211
ck_6fc37dea4b4f35c6,0.1359808424707812
ck_6fce5a893613fd2c,0.0006418356758914846
ck_6fd8c86ac719d7eb,0.14232143841773529
ck_6ff0fc7487e737e7,0.12515116181507208
ck_6ff6883633b8c7ba,0.001976697618529109
ck_6ffa90143838a4a2,0.002577167852832487
ck_70066eea13b4c34f,0.004224967356783392
ck_700cb620f300dd47,0.016590709556668044
ck_703499f5410280f7,0.0012979541925624795
ck_703703bda38fdcf8,0.020626089065064634
ck_70396398e4a96449,0.003132163097780337
ck_703b375dd86a6124,0.022354885969431304
ck_703b41624ae6a5b6,0.0023874391629742147
ck_7048bedd554c703b,0.0017830618519648267
ck_7061786fe2f22f5a,0.01246875483595006
ck_706a4f673a9fda3b,0.5302019771223512
ck_70804f60d9704128,0.08816671494963392
ck_7084ed3cf20781b7,0.031987348731657504
ck_708fea345f68037e,0.002893119896896815
ck_70a60e095e9b706f,0.0009794791310973965
ck_70a932ab39d86a24,0.0018082638424294771
ck_70b9274473bd6dfe,0.0020716494931417085
ck_70b9b79ea1aacba8,0.015528758368754848
ck_70bef9ddd4bab005,0.005108990295175898
ck_70c7679199776a90,0.011969395788720189
ck_70d19d5650ddc8f5,0.009333984449496794
ck_70d69e5d1bb99e85,0.007173815227053687
ck_70e6bca473bf6902,0.003917988110095491
ck_71044c29ef071570,0.003938929085245714
ck_7109923fd7dab20a,0.01895331990867536
ck_710f867a3bd5898c,0.001280226600684728
ck_713159c5c6a7a4d0,0.9948976879937423
ck_713649668a7ca824,0.010381843038974766
ck_7137eeb394d200f1,0.0638778238686932
ck_714c5d7cb17bc9f2,0.03239512320442985
ck_7158ad9e58769ffa,0.046019155074082205
ck_715966f86d5c913d,0.0021123395685458137
ck_7176bbc97b1e42a1,0.002307490619556002
ck_7176d12b18f2cc0e,0.014857115497035337
ck_7184ad7709ae4c80,0.01066386922218317
ck_718865237134ebe8,0.006304954956646984
ck_718a8390b3d42d7d,0.008710988046679987
ck_7190177963eafdd9,0.022428303323532066
ck_719602def4d35fe0,0.03352397935695961
ck_71a0d645744302a3,0.011403048092620709
ck_71b37fe47490b4ba,0.001941363795445147
ck_71bc01291e0533a0,0.01048003087217529
ck_71c3a8e4c12c989f,0.0071189150615739785
ck_71c68dfd011dbbbe,0.6819583895523222
ck_71c917295020ccc7,0.007996181682033063
ck_71db4131d7efe218,0.0052559693255070745
ck_71f382d5e338daa3,0.005293497935624348
ck_71fd8c346fde5cca,0.028378852016779484
ck_72022008a92c9386,0.03975429397383369
ck_720776a46e56dfa8,0.013895029689781199
ck_720cd658d11ea428,0.013340793964922801
ck_722ac47c8ac9b6c3,0.11326422788239698
ck_723323f6870fab59,0.03512784588337088
ck_723b4afc388113c8,0.005173025117473626
ck_724085c3452d4693,0.15934761332174063
ck_724e459b9ece38f4,0.03300264253052079
ck_7262b4e0c29c942d,0.010466249079449421
ck_7264486eb512d84a,0.0041700702767392475
ck_72771757dfb7f7a8,0.01909298489333673
ck_7297bff2b7fdcbc8,0.0010021613740908773
ck_729cc0b46cc2e546,0.14035795291511183
ck_72b86e4485da2d0f,0.9343730459601821
ck_72dd0dbdf808cb00,0.01261450759141232
ck_72e550559487b919,0.0033574541583224573
ck_72e7b1acc19df820,0.004299047854428132
ck_72fdfc7e6d8e1436,0.0035309343576960645
ck_72ff52c4824072ce,0.026446188947735913
ck_730226c2d216cacc,0.006885239488841933
ck_7310cda3bc65a73f,0.005639723809336263
ck_731869a0c39cb2fe,0.03670823419370827
ck_73188a826b5f499f,0.009622300716176691
ck_731943c682c9394e,0.012064543071148922
ck_732d45bd578dc39d,0.00634492088347422
ck_732f725747393ec8,0.05577150700732067
ck_7333cedb61506ead,0.014446925796996676
ck_7334a9ec656263b2,0.006599184128813059
ck_7336611650dcc088,0.002364901484552308
ck_733aff0f56f5b3c9,0.01701678206561533
ck_7346e4f820d9c00a,0.9588683057630943
ck_734f06bd4aa92781,0.0494163994066944
ck_7356f47dbbbe7904,0.008114845047391666
ck_735f244b99e3aa8d,0.004533085785240866
ck_7367917891a63771,0.03086878952935952
ck_7373d7b04c7799bd,0.050393088112746766
ck_73762038c7ff2f6f,0.0055485915874027795
ck_7384d4d2406aabf4,0.019833761979144274
ck_73a54b56a2bf35fe,0.7425095578920504
ck_73a7794b659d7a34,0.00964071636646577
ck_73b729cb161487f2,0.008986256498803519
ck_73c18e03e3c7612e,0.0014008619332706827
ck_73c5371635aca173,0.8500179125736312
ck_73cab88b29c7845d,0.010551971968510213
ck_73d3689728270a2b,0.0018238357108437786
ck_73d3e8c6077f61e6,0.21962125726906748
ck_73d60b4630e3937a,0.0057645841871650895
ck_73de0b49709e5f8c,0.005273763752386507
ck_73e24f5a8da289b3,0.028903949700468216
ck_73f124f075ede0fc,0.030558953576812587
ck_73f4eb09af29b1c0,0.03318278165665296
ck_740d8fe8028b5a2e,0.01361809677536959
ck_740e760fdcd27835,0.0019015753099237082
ck_74112e47b8629c2a,0.08597365554182969
ck_7429b3f87528e335,0.0059270823950129834
ck_742f7c28ddd019e8,0.04425255953822785
ck_7443d6dca8cd1352,0.0015098982512753486
ck_744eade757ba69b5,0.056786707815160146
ck_744ffc11d32b96bc,0.010727180812520274
ck_7456df89f3792235,0.0012050196345699358
ck_74665e1209140ae8,0.19098360188920718
ck_7476e7fe1ff45545,0.046998518626817684
ck_7484c214c889fe7f,0.017480199724796096
ck_748af92828c9d288,0.0008700337366344043
ck_748b3ea941d8b3b9,0.010128728033647188
ck_74928f5f91aa12b2,0.08856141034956383
ck_74991a9e85c3b07d,0.012085268652229511
ck_749e0e50c3907be8,0.0014108604359573972
ck_74a06f347b32347f,0.013232660141032726
ck_74a4244eb1f162e4,0.0007651705492536938
ck_74b502b20690ccfe,0.02233558310483099
ck_74b848064f2ff45d,0.0027791514770096966
ck_74c3c3452e4e7cce,0.0021870542465142946
ck_74d0e7c2c6b63d36,0.9047075818996524
ck_74d602c907ee9119,0.005310052856026208
ck_74e5dec189761d14,0.0017278753675547545
ck_74e60495f8861156,0.02323609993747015
ck_74e9747954a46eaa,0.0077874808824157146
ck_7501ebbf4e21f160,0.015078133605650839
ck_7508aa554fae6afb,0.24032689805852522
ck_7509eb97c1948b16,0.008190432514344486
ck_7510b1023cd08531,0.007844315561777782
ck_7519260415c2998e,0.018199654531352905
ck_75217ee144b715f8,0.0383477701085846
ck_75257ca7d7da2861,0.007704917322218413
ck_75296704f5806f56,0.02659102039006707
ck_752dd3d2487f78ea,0.03000852759905007
ck_754cd7b4a5ae3f94,0.046026740014713595
ck_754f30ea19df857c,0.02355321985072325
ck_755010362a9b1bc4,0.0018887524932224556
ck_7560f1891d66f294,0.0010282193291713108
ck_756d2c13d02b3e09,0.020273207681527825
ck_7584e7bd755cb28a,0.00934228798540264
ck_75b69034000ca7bb,0.035444735725879
ck_75bb521de55644c7,0.02151246441152208
ck_75d2a2715259c4d7,0.08759036531411508
ck_75f968be67f46d24,0.03372428362586082
ck_75fb7e56432ee4b2,0.003146543107623643
ck_75fcda73f0b43557,0.008654354008130695
ck_76091f357974a152,0.0125489295131947
ck_761989aa4c47d746,0.026310636576315882
ck_764d40f865e710af,0.04283466498515905
ck_765aaf42c5088545,0.013520938604131635
ck_7661d7ceaeb19f97,0.01636838999259664
ck_767947540b234add,0.022089403914566017
ck_767e0be086b5f601,0.032512006841312606
ck_7696e38b3e4197b0,0.012892382798336795
ck_76997a33c3ea5107,0.0005833986839053969
ck_76c23726cd7ca947,0.008326674277701061
ck_76d010aa02eb477a,0.0010594511218591995
ck_76ea90ebc74bcdc7,0.0392690630946401
ck_76ebeb5aee42f041,0.034236222817151434
ck_76ee10d6e2dba70f,0.09321990470504946
ck_770475876d0e7e6a,0.0084940096074551
ck_771247b5bc16c12a,0.0045589622038301365
ck_7717fcb100dc4b5f,0.03419015999176589
ck_7738eb085e5753d6,0.015683671636682373
ck_773efe58c6278c3c,0.028794236536620315
ck_7743c9fe037d1f9e,0.05452332958174162
ck_77549c1a41f837c3,0.010694672726481684
ck_777669e2243204f2,0.9007496190966763
ck_779491819995625d,0.08756048255667631
ck_779581adb573261f,0.010436586908752097
ck_779cc0f2de4d5488,0.08687425505030771
ck_77a40c7d2f862a32,0.01643445010916753
ck_77b2fb17c29f5e72,0.016073461090401208
ck_77b56c49cfdb1d81,0.18707938424607026
ck_77c0fb524edb4a94,0.005289131582988903
ck_77c587d24695ea15,0.006521279891995423
ck_77d9f86dcf251739,0.011988541625248872
ck_77e0589ab339ca66,0.009028546251499585
ck_77f293d44b4a3d2e,0.04211988211219423
ck_77f8c5042065d506,0.011801488230750935
ck_77fa39d3b733c226,0.08445605398017374
ck_77fce5f86f00b8f4,0.20633196035082663
ck_77fced07f6dff42b,0.00880570492874448
ck_77fdac602d0c6f95,0.08221830085912617
ck_780738e0d71e7e43,0.012142128408193224
ck_78181f8e998e442f,0.0017151743645274792
ck_781b8288e54ba8f8,0.10025319766422887
ck_7825494e654d5695,0.033729056446390376
ck_782b0be796164335,0.0037323595543804346
ck_7831ca5c31fb3859,0.0918641464816551
ck_7836bf6def26aa87,0.020984196075681662
ck_783fe5bc20cd02db,0.08903912194837914
ck_785fa45e86bc5e95,0.02592812546687257
ck_786448fe3004cbd0,0.003583008213484446
ck_786f079389126e44,0.026469337311490954
ck_78730527f8ba1438,0.280123451737362
ck_7878545739af0a73,0.0009886613803306082
ck_7878679065876b98,0.06389905282597687
ck_788e78065526ee19,0.038070969965289976
ck_7890208951df34f0,0.030406402099530494
ck_78a61215675b38f0,0.02298806917774515
ck_78aa4b731cbfe251,0.004793387938796212
ck_78bc3f1d0f35ea6c,0.041058016899666226
ck_78cc5ec4940fec3b,0.006392775541702001
ck_78cd402a2a4f2e35,0.0034229087933191488
ck_78f01d78ea79642f,0.01115390797550133
ck_7905fe8e257b0449,0.15437004851746425
ck_7916e53daab36745,0.03997974672330438
ck_791be3378dd7d64c,0.011542394314103368
ck_791d5392bbd80447,0.005162249547951839
ck_79205e31223df2ad,0.028412475919255924
ck_7929284327667791,0.09380403140628002
ck_793048d11fb8b328,0.5544036862655077
ck_79323eb5d2e5efae,0.0016592812115628903
ck_794ba5921cef50c9,0.06572946912775451
ck_794d8935a895e33f,0.022060730778676426
ck_7951bd4eb99a0175,0.0007816945919854357
ck_79557434c129ba52,0.006584878886172695
ck_7955a359b6448799,0.0025678668523269536
ck_7956c251b85f009e,0.7906794976911834
ck_795c49f312640019,0.0007768155549008822
ck_796d3eaabc667c23,0.99791583569755
ck_7973edc9f22ee7b6,0.021818148195193156
ck_79749eca42ff1f5f,0.00984292878405634
ck_7977135c2ff61e92,0.00514032757900081
ck_798157bcdb9453e1,0.001989947212955709
ck_7989376f8cf64a9d,0.026889977269494145
ck_798ba4b8aa544fea,0.001968899931775071
ck_799aaf9f2b9ef621,0.009459960097767015
ck_79b235d51718435d,0.020861044477352313
ck_79b6a86830156b5a,0.020208405281945868
ck_79b8523137bb2603,0.040324077993099894
ck_79ba8e85678d0224,0.005738678396771343
ck_79c30169c71b8033,0.9536156521822581
ck_79c7f0d29b1db1cd,0.026043714053288317
ck_79d62ef181bd0cd8,0.02637271943642097
ck_79d6793d1d0cf43c,0.0013909756702396782
ck_79da63fc100830b5,0.025264402107181668
ck_79e202f06d8dfe42,0.024731989257353575
ck_79e45040dbdd6447,0.04743065270501888
ck_79f5198f0decef20,0.0030192905323029023
ck_79ffcfee599d77c7,0.008487198031066383
ck_7a02ee1bfba7353b,0.026163876411164105
ck_7a1519ad5ff45312,0.0011091221491309046
ck_7a1782cefe26a456,0.08808901675320621
ck_7a3f2961e9a8b6dc,0.007760422188426271
ck_7a43ef9c7b1c67b5,0.005127156912546332
ck_7a4e3d553e8ab5b7,0.11232365433184313
ck_7a50abd42298133b,0.01227376287914673
ck_7a52674e2806d8f5,0.03480748675227709
ck_7a58e0cc9943c39a,0.005495919098127726
ck_7a6cb27e390b6ceb,0.007365994573936321
ck_7a7bb9be5a7e48ad,0.012352539570232699
ck_7a7e40ee3f97c035,0.023105755072500633
ck_7a7f3c4fe0c9d2ca,0.006676687035372332
ck_7a86ef4e2beaec38,0.0031465927251830253
ck_7a9f241d5f082567,0.0034085496349596845
ck_7aa2deeda0e57412,0.9975716989751955
ck_7aa8bc018c2b003b,0.005324200022144511
ck_7ae86b5a885affc3,0.09845860390101263
ck_7af748a23775bd54,0.08869282268111316
ck_7afefa349b960a3e,0.012867647160721862
ck_7b1319a5ca2f63c6,0.971083823841567
ck_7b1660e942436e12,0.02065304274840165
ck_7b35d218ed0c5a60,0.019863305087146458
ck_7b382e533e2e925a,0.022098883864624535
ck_7b3cc6cc3f250f39,0.009026947327914083
ck_7b45ed23304a854b,0.016244533545850467
ck_7b55d9bb1a250d4f,0.09759733197554016
ck_7b59d22cadef3b05,0.1455233255318384
ck_7b61717f172f9317,0.9401951196859596
ck_7b8cb0f90fbdc8c6,0.013526834933873433
ck_7b922518f667f76a,0.001085154883391559
ck_7b93a622e40d8b14,0.039674900897105
ck_7baf1e55db0dc558,0.016408360256045557
ck_7bbe1dc8add17ef0,0.03227198220703244
ck_7bc752ae7cf5d55f,0.010771529794173396
ck_7bda5b5b927b2905,0.1558307406245003
ck_7bf668e25abeeb05,0.004825404413965157
ck_7c0fdfbb447cdc04,0.009521159740037949
ck_7c12de74de30b788,0.8119383361617717
ck_7c38ec898f0fc21d,0.008071359954899894
ck_7c3a6a82f3c3241d,0.014107343947151381
ck_7c418947124dee8f,0.04206745047002721
ck_7c4e588f927c27c8,0.026095985486056024
ck_7c4f12d70f184533,0.000757666164813987
ck_7c4f42c5397113b0,0.007350534643509378
ck_7c500e219af39486,0.008204345431754703
ck_7c5529bcc079600b,0.03204218503864687
ck_7c560467daca735f,0.0010724446005342836
ck_7c67b73196e3d0d9,0.017130857124951104
ck_7c6b577174af7a78,0.018012793258792518
ck_7c7266f6ef2a8466,0.03451257027713489
ck_7c77e597c951cdad,0.009032871774202885
ck_7c7ca54969eed187,0.016943096827318444
ck_7c872c99481c1e9e,0.015218299301526175
ck_7c88d3d377bb61bb,0.038341564196680514
ck_7cb0c9ded4d63027,0.0513796589588226
ck_7cc2e091806cfa5b,0.0984575824109909
ck_7cc5e0fa3ca5a713,0.00522939137624263
ck_7cd0634a6e60af83,0.02282860625937201
ck_7cd9f39c50748ed0,0.009136565317141297
ck_7cdce37d895eefb8,0.005158450770204941
ck_7cdec61e1c488798,0.048332285762655504
ck_7ce44f4e06d58111,0.13753870816562866
ck_7ce4ca91b8f9f1c1,0.005578155751588367
ck_7ce768407fd48321,0.02504673387861638
ck_7cf301d075e4e709,0.004313245379347023
ck_7cf562578c7f158a,0.009090606604256354
ck_7cffb189f4f514ec,0.968163115903798
ck_7d025dea5951cba7,0.006369183171183595
ck_7d0fe77dd5ddb656,0.06259896648748987
ck_7d1661a34164406e,0.9906878200946581
ck_7d28da4f1dab09ee,0.031702198041651766
ck_7d3a88d1aa649708,0.5151952339608944
ck_7d51c86e0eec72ac,0.018278159153439243
ck_7d6bff85e7a694bc,0.0048037945793080825
ck_7d81b59d615a6649,0.01909890444218064
ck_7d9f73dc7c4f90c3,0.19225954651332802
ck_7dadef33f5e2d94f,0.9948217914656197
ck_7db098a17374bbf8,0.9547008843644975
ck_7dbe24ba01316775,0.012447604018420218
ck_7dca4d7ee10b4eeb,0.0013614645531468022
ck_7de6997178207800,0.002131397259060218
ck_7df3f8f4f1068d62,0.004590031541308785
ck_7df526b2b4410bb4,0.02411506433933715
ck_7df9910af2bba21b,0.004373607880311616
ck_7dff6abe4bd644dd,0.43107278087178713
ck_7e29c10d781c3b41,0.01229234658243859
ck_7e2ae8b69ebd5675,0.009610291122368655
ck_7e2d6b22a0ae20c2,0.10923195136581453
ck_7e3923d278a5106e,0.0077862877992106285
ck_7e5401c362b2216a,0.0013121740454218355
ck_7e561caa5fa1f3f1,0.08582630312387232
ck_7e5f02b51b9f78bf,0.05520573284847457
ck_7e63168dda612235,0.0038755325760663297
ck_7e6569a1b2455cb0,0.0027815324914162412
ck_7e73e1d44ce82ed9,0.009278755971290157
ck_7e826e233d6ea028,0.0017364088962064815
ck_7e9a8924eab779e6,0.9801565864438481
ck_7ea0bf310fc20c7b,0.5620995496958442
ck_7ea52b6f27edcb73,0.03975045503044732
ck_7eaad325abe3b50c,0.0018601949373200507
ck_7eb4f33260f1dcd4,0.017283630930921716
ck_7ebc5fa7f0d3b8f2,0.03336377771041972
ck_7ec423cb56257516,0.015383708943656128
ck_7ecdee2d7127be8b,0.008776836332844304
ck_7eebd0e6ad6c070e,0.0112903543067796
ck_7ef019ed77276496,0.0043629171756984254
ck_7ef666d67bc70223,0.02234555788882387
ck_7f08078908599bd2,0.07428663031896263
ck_7f0c4f609673ef62,0.02847762396031995
ck_7f0cd6ea3096f985,0.013461137542436686
ck_7f15503048915d6f,0.005196700433139155
ck_7f15b50b29dead01,0.01698690117453681
ck_7f188aaa63d1d442,0.01666969084346813
ck_7f1c20319eb60aa6,0.997134827426454
ck_7f3132d6be389657,0.054812034977590456
ck_7f3685aa2933b251,0.04323163962202413
ck_7f6fa79c7a107161,0.003663968849692776
ck_7f780f465c29398e,0.009580566974191249
ck_7f79878197340435,0.005031523204310594
ck_7f8e816ca51755e3,0.6501586745693454
ck_7f8f864fcc90ca82,0.09421730043586123
ck_7f960541e5174565,0.002523048487875596
ck_7f9a748110d70005,0.014106999623273414
ck_7fa947a0b1c1cf74,0.14417274618957515
ck_7fbb709a0fe95759,0.0041702674419339045
ck_7fc513033af061af,0.17330604381987916
ck_7fc9a0776e1339e3,0.0015763254620875303
ck_7fd8b1470401695f,0.7124181020824675
ck_8007824431fa803b,0.0033466216601801984
ck_8026e017909aaa6c,0.005796057583065682
ck_803c0b4cf9d4bc1d,0.024925155601173535
ck_8049f5fce32be185,0.7671180147747525
ck_804c5a1fa5753617,0.009050054673137844
ck_8053f1879a9b4e43,0.0023104760411775766
ck_805ee564bd35ef15,0.054364429465838776
ck_8089fe7403c5f537,0.026851640446397346
ck_80a64a7f0275a71d,0.020667778180841496
ck_80ad4396e1084c68,0.06605299510083215
ck_80b04344c98ec072,0.01569304679443453
ck_80b072b7f3c7e8e5,0.006217605090076454
ck_80b50fad7f255e1d,0.005794831145412699
ck_80b8fca67a14e0be,0.4531860950483698
ck_80c0a7f54ff4895d,0.0018115114190430173
ck_80c4e9274cf976b6,0.9746847256726214
ck_80dfa54b30f65fff,0.7010785794736601
ck_80e3041811033443,0.0404746359510467
ck_80e5ea27848069fe,0.005077946339163573
ck_80eb91b0b4001084,0.08858071049064867
ck_8105bcf69a75ee47,0.01051849555865938
ck_81275d9d4c559e6f,0.010922787816579016
ck_8129e81cde280131,0.007721823974956381
ck_812cb3a4482cc618,0.020537627898601654
ck_81307759252571be,0.008832246785787866
ck_813e02e1ababd177,0.010138361471905723
ck_81429c4910ca46cd,0.006909052665958174
ck_8153cdadd300d234,0.0011336361915452603
ck_81709736281fa3eb,0.0023896507688769826
ck_8171ef803f5ff604,0.019751397182918025
ck_8176616132458c0f,0.004761201525376891
ck_817926b449754917,0.011591321096023618
ck_81793387b38047cc,0.0023668990323882323
ck_81818169208a8cda,0.03378992308892642
ck_819988d8a7f26415,0.004896356591061354
ck_819b482bca14c068,0.32169689257898565
ck_819bf3e8231f4081,0.03334365701993824
ck_81a960fddf79ecf1,0.7001628428144602
ck_81e21354e477eceb,0.03358911102300384
ck_820219bb9c761b52,0.486538524161706
ck_821446adc95e6da5,0.0055301281685366
ck_82181b935360dcbc,0.9593693213103498
ck_8220da627e9992a5,0.0013687997836446405
ck_822d6e8e43befc72,0.2963304381944936
ck_823539d936c55fc6,0.0012049200543185294
ck_8247b79ac67aae7d,0.02884989237230605
ck_8247f008a14bd1a2,0.0011310518950179934
ck_8250eddc1ecb07a0,0.05371564870810689
ck_826a27ff7555192e,0.010335298914673162
ck_826ee896c9f1144d,0.253460722091189
ck_8285bd3c90af94f6,0.021295712535712136
ck_8288f7f226e08b89,0.004392107071233405
ck_828eef2334e17b3a,0.015868493529786806
ck_829cbf5ccda481ae,0.0056896393595113745
ck_82a8bdd2692c2a5e,0.0038387819140498288
ck_82b5b79ce3517102,0.8810714132432887
ck_82eed68d05a42128,0.03428647544795611
ck_82f07504ab59ed33,0.06457827088965293
ck_82f360df1e9f4eb8,0.08022537510421923
ck_82f3f744209888ac,0.016867258414435104
ck_830b2c5d1818ac07,0.04698336278763091
ck_8311cb6755b2016c,0.004983645811982327
ck_8312c49b1431a406,0.011052615400329063
ck_832341c98254bd84,0.018193215458220093
ck_832d39c590a3ca75,0.6287431947618526
ck_833688de8629c5c0,0.0009416456498683334
ck_833a65b86a5d9bda,0.0012740076079258385
ck_8342e08cc2f9bcb7,0.0042988500907705455
ck_8347455ab53ff620,0.004930153560792645
ck_834ca727df855f07,0.08911804778743916
ck_837be8126bb19250,0.00257299703140546
ck_837cc7fd48453a01,0.007382037584708008
ck_838c52cc1d315ec3,0.013934319469894478
ck_8395f004cf4d4c08,0.0030118569846498823
ck_8398adeaf41f9cae,0.023607019740024847
ck_839bf139296b5cea,0.026442277088902455
ck_839ce35819bfa4fc,0.001295584614780259
ck_83a69c4a5d55ef19,0.01970068189553574
ck_83b2b192f41ee2bc,0.12927593493937836
ck_83c2c34add971d76,0.005700460191284744
ck_83dde7da2bf647ac,0.001536926696193944
ck_83e5979334345622,0.007705347384067547
ck_84092e23d5ef4d51,0.07018643851448937
ck_8409716d174635b6,0.005598602602027726
ck_841f598bbd54c83f,0.03617403571490336
ck_8424bf65223a5a9e,0.005599969890148096
ck_8432ccec1a4ec7fd,0.9935443079184113
ck_8440ef1386c07194,0.005765506417382901
ck_8449a28f7d475d93,0.09395392618647164
ck_8452b6cf97c65a5e,0.011524756208861914
ck_84569a8fc50e73ac,0.019195680866404108
ck_84ad096a46e1a960,0.11355915132923605
ck_84c402b23766e1f2,0.01812138828841951
ck_84d07028b5fca2f6,0.0471208329011854
ck_84d62b8196da2452,0.036817778510830165
ck_84df6770549e43fa,0.003166203306590744
ck_850e2b59bc535490,0.04878119133114567
ck_850ec97a5a0dab9a,0.02159743529625592
ck_852c50bbba1ead13,0.4286933335510116
ck_8530158e3d7f59e7,0.018280478835814597
ck_8550f229b5eb03ab,0.004356518752717054
ck_8563fed6674afc77,0.021235233507018468
ck_856ea65fa27d06dd,0.02638367799538503
ck_8572c5f5c1447c62,0.02429513022807328
ck_857a1f5547b9ad68,0.03552522270568824
ck_8582490d6e365a63,0.015259771253802424
ck_8584fea2df4c6317,0.028886208685573626
ck_8594f165e95316d2,0.0015744867123724871
ck_85bf21aa1a00452f,0.003014722042077509
ck_85ca825f905a34a1,0.02729551249573054
ck_85cb5033fca7c846,0.05946594684042963
ck_85de63d278f0fbae,0.0016699305457341966
ck_85df7b7de9700aba,0.006175664177062658
ck_85e5494ec20383ae,0.03773423352372858
ck_861af5a9a9a6d619,0.005001840649848489
ck_861d8e3d88f1079e,0.020327897986252043
ck_862c7953bdea48b0,0.01601478514749516
ck_863708a99b92ef0d,0.03429479625079035
ck_863db2e394dc47d1,0.9019607230121378
ck_8642e3b6d84f49d3,0.034963244957179014
ck_864a11202e19e812,0.19635885373891293
ck_869b1878d09d230d,0.10725479020223778
ck_86a2d852a9715432,0.024602629526544243
ck_86a61d9a39768e87,0.05108771095529062
ck_86b853c52f20fef5,0.004200414930977548
ck_86bfe328e0a533b9,0.7657378802921082
ck_86d7127391d4e01f,0.0016197811788459112
ck_8703543bf3134306,0.008683026276441594
ck_87110d84872c0fed,0.022346504405103294
ck_8716cbf892c50e29,0.010418293294689834
ck_873ceb8004d3a9f7,0.04145122985888057
ck_8740a14d8096c6e1,0.03664954291130983
ck_8742114f4f0cb22c,0.16988312700506092
ck_874eca6776b34dec,0.0023028790963304144
ck_8758fc6622bbb7df,0.024019306542279156
ck_87771861e0447210,0.05853988205282175
ck_8777beb11aabd66d,0.013048703056986655
ck_877c85bad118bc62,0.14828834179241193
ck_87809324c2675b0a,0.01978783809491878
ck_878522cb775b904c,0.05658867006909194
ck_879cc3166fe1bada,0.0025125343719558956
ck_87abe9cd066a20fb,0.02580628559129627
ck_87c1d0a79e79c84b,0.010139158349714548
ck_87c26b2f41025109,0.9956886209648987
ck_87cce4126e215153,0.009958336715388498
ck_87cf36a03bd63c24,0.17858457741800907
ck_87d55ca333f22072,0.0010889650594011642
ck_87d70f5fe48a6128,0.06253388501142756
ck_87dc484baaf5a23a,0.0012801352928953288
ck_87eb43e3b9d96169,0.061525293928243456
ck_87f82b2b5fee757a,0.0186023752035242
ck_884168153c9c0c81,0.0038348414357362763
ck_884b2e463ff1d54f,0.004573958329734111
ck_885a83975cea5e64,0.0006507994347749114
ck_885cf685a9541190,0.8807286846141629
ck_88774ae52e30e877,0.017191207053035094
ck_888651bfc2c8cf70,0.0044979087894400785
ck_88a8b1d442ca3686,0.017933493198216674
ck_88ab6d245228c38e,0.0011912779584019857
ck_88cd35378075c84f,0.00243566511075358
ck_88d9244a9cf7a77e,0.49898178599215115
ck_88e3dd3039508332,0.024846677857446407
ck_88ec57a11b11f702,0.9478470078879329
ck_88ef9f85948e1a01,0.0018055073082668316
ck_88f27ab479063852,0.01610017963049203
ck_891530b489ce402b,0.0014122779756570946
ck_89184bf7b7fe41cd,0.34293689787911813
ck_891eaedae139828e,0.005475487416134165
ck_8929d2eb09872052,0.033474705856116393
ck_893b8afbe11301e1,0.0043607758703398235
ck_8955d7b9030d5eb5,0.0018033091999820187
ck_895bb39d24bc1c4c,0.0010438090648857482
ck_896096cb167254ef,0.020423020124291223
ck_89790ff26c844bc6,0.004087694426580496
ck_8982888dd6611143,0.000431186990564823
ck_899f88464305824a,0.03966465895364695
ck_89a1a780144d808b,0.0177888279750881
ck_89c74feeaffa7d09,0.007324080292370637
ck_89c8b06aa8c84b2d,0.06096312033066445
ck_89d7bfc81c3df597,0.01178754651150016
ck_89f3e380b0686963,0.007714026682185038
ck_8a16eb584093b12f,0.006955033617454761
ck_8a4952de8a123ef8,0.007552678841649363
ck_8a5a57858e8c77f3,0.020552117930305695
ck_8a6ea4a79b1c7a8e,0.009946854159488143
ck_8a8f81bf3558fd9c,0.00733954409972681
ck_8aa8b9968233a1ab,0.0024406059368867745
ck_8abd1a50a9227463,0.08284700143690413
ck_8adb40b168b59d7c,0.012785387131401689
ck_8ae64df60ab6ccda,0.008264872005951057
ck_8aec3d3dd51517c2,0.0017785226070909897
ck_8afc1112c12f5402,0.006724841591222957
ck_8b19bb5b23b6741c,0.038853002805574535
ck_8b24eadf6c72b30c,0.6740074367909334
ck_8b3401b44aaae728,0.0018660516607058894
ck_8b39d8aacfdd72b4,0.01314197363790785
ck_8b3b874249adece9,0.026814534439829257
ck_8b5b5a6b5539e39b,0.8099553183460927
ck_8b772caed8f1541c,0.0012604556065411575
ck_8b8b9de339d75d0b,0.0337765247770576
ck_8bb6b0a292754576,0.06661335757613424
ck_8bb9e75393954a1f,0.0022036525867134
ck_8bbb625384edebd7,0.0010699980421691529
ck_8beae3d7328fa41a,0.05122732546996508
ck_8bedacc6233c6269,0.010721564388849948
ck_8bf46e472f3e20de,0.10146837347877524
ck_8c0210322733c718,0.007959647131745929
ck_8c0955dad13c3ca1,0.0069173047759692385
ck_8c136dc691e65695,0.0002805342089875333
ck_8c346eeefa9ce692,0.01098955649990424
ck_8c582eb0f6c0148c,0.012677128492483532
ck_8c5b29f6666d4874,0.012513181757518326
ck_8c6f059c95872126,0.008238443008987368
ck_8c748aaa4a4554f9,0.03379850750788717
ck_8c84fcde93a04334,0.13195786694875533
ck_8c8c98cc694ac900,0.013095851097836765
ck_8c949bdc6e8720fa,0.14574330331992655
ck_8c95aeec6a4c75b0,0.0016232794802464522
ck_8c9b57ad2a991416,0.004083096618761415
ck_8ca808cc5a49cb5c,0.02953560211234362
ck_8cb20053914692d0,0.027320902496855124
ck_8cd1b68dd74b1375,0.2088306962945082
ck_8cd274cc85aa35d1,0.02656785398050187
ck_8ce9c5807acbef48,0.005329387786306968
ck_8d0532d24f1070d1,0.0009882535900265794
ck_8d0cd981ed3a183a,0.040248355180483066
ck_8d27ff8383d48132,0.005046094426151542
ck_8d2afe17c0082e6a,0.02874443024167133
ck_8d2f62930777416b,0.16457426494014019
ck_8d38747058d0aeea,0.412114281623712
ck_8d501a0386c66be8,0.35232624049571376
ck_8d5eda29a2cffa3c,0.00700574325262042
ck_8d5fa65717d2e0c6,0.028931348418860907
ck_8d8226520722af78,0.0545423800312895
ck_8d84d771a21942a7,0.00254448415758976
ck_8d87658a6f5d204c,0.5817096126574688
ck_8d94fbb4828ef326,0.0023041753910306366
ck_8d9518f64b222416,0.004914290177955012
ck_8da980cb2e1e2bfb,0.0029576493877035005
ck_8dacf3a2061ca17d,0.017984176806037366
ck_8dbaaa00ad829ca9,0.029050876054140556
ck_8dbf61df902a6bbc,0.0010951867857967328
ck_8dd44eead7d765a5,0.03283535591295012
ck_8ddaf745bbb9cd62,0.00131691022856722
ck_8dde670a735d1e90,0.13876300512934578
ck_8de38f8c7f91961f,0.024231824283747698
ck_8de69cd219d3b87f,0.3579220459442523
ck_8def763034187436,0.043744078609420686
ck_8e039b23acaaac00,0.06166134651739232
ck_8e139f8925ef7968,0.011702667245970666
ck_8e16a64a776afa82,0.08517644418744877
ck_8e2b2251ee224aa4,0.025417056998575077
ck_8e54386f4fe22cad,0.018074512700437487
ck_8e5999c436cf037e,0.0011881464088068525
ck_8e7a32f7e3905f4e,0.012733348763989143
ck_8e89ca8b39f3f8ad,0.005306353223781149
ck_8e9faf94e3e6c757,0.0007390535267325014
ck_8eaf9509ad9462a0,0.0015135454302559433
ck_8ec86e853ad52828,0.05777271211099726
ck_8ee08f6777cc155b,0.017628893833641694
ck_8ef1d05cc1e53e7e,0.02223606540236472
ck_8ef97b55a5fd6ec9,0.003123884905288383
ck_8f1cbc432e2774f8,0.040764163476217544
ck_8f21f2690c32c691,0.04608796291244454
ck_8f346b72fb40bf14,0.007215944276839537
ck_8f35d229b62c8f23,0.007008995519571406
ck_8f3ccbd20d59f1f4,0.005622148244845177
ck_8f43459991ea511f,0.00481075091955071
ck_8f4b384955bf57c9,0.010672833045839311
ck_8f59f11b512d5b7c,0.06412243349445469
ck_8f604fa70fc3c8e3,0.010953041510818386
ck_8f6ca5d3b17eac6e,0.0009417088996420297
ck_8f6cce9f69912983,0.006069367479286924
ck_8f6ce158c2902877,0.001697426412414623
ck_8f8e4fb9c6190272,0.005937923177374896
ck_8f8e5e2b9dfec3d1,0.1348099843872838
ck_8fc641b1750a2542,0.02875809581512175
ck_8fd4937eadd64fb6,0.008450800558386488
ck_8fd91a3c99e19097,0.013388521286189767
ck_8fea7d915259f1be,0.006127497061232737
ck_8ff1e6028e764472,0.7061375043222348
ck_8ff7a9b23a55fd62,0.0068570997892303245
ck_900d62b3184378c7,0.0035881091128645314
ck_90114c891239d821,0.0016212991098906505
ck_901d820e0b72abae,0.0015985512982720912
ck_9036b2e5e9298a34,0.008080063784056669
ck_9040edd974ef8e3f,0.5800673735154221
ck_90456160115f9ef4,0.028314307547949575
ck_90489c405e6886d8,0.0035731428198324962
ck_905e460591d9a278,0.14686925021659009
ck_9060f4e7ab7a1b0c,0.07500171338489935
ck_90696b7182dd9129,0.013624807581523655
ck_9075432001a64e75,0.018731107068205886
ck_9083ca9fec2a7f4c,0.004833641721505052
ck_908b663b2dda94ad,0.06817160847034141
ck_90b4ac695b9c6bf7,0.006014762190375603
ck_90bc176c43d85fd5,0.21516111347289676
ck_90bf017cdd37b66e,0.038127849092910976
ck_90eeca1cda79fd41,0.0024524850126239404
ck_90f3655f0c8a0074,0.00131305184320844
ck_90f6f5ced708aa75,0.0021115559568179293
ck_910205d25388a0ae,0.0005383078447452482
ck_91081be0254878a5,0.005397443564354074
ck_9111e3a04b14dfba,0.02016301425495966
ck_9129c92c12e0c8b4,0.005126124963296287
ck_913ecdeeb8e21a9c,0.018744268868078034
ck_9158bdbb63ee8987,0.010148699892139765
ck_916784595f028226,0.21452787827896502
ck_91742711dfdffd56,0.015028588333893471
ck_917d82c552f95a23,0.04067915591585259
ck_918c92182b6817cd,0.030327696816627458
ck_9191579254663f5d,0.01091293070298854
ck_91955aab3424ad16,0.004214874815867225
ck_91a0ca45f429568d,0.024230448456818425
ck_91a16336ce3217dc,0.024644283075062376
ck_91c2a5fe69b9b1d1,0.01097044013281408
ck_91d417507a8c58cb,0.15032079990714
ck_91d48d69e4f5d9c2,0.005072987683433972
ck_91fa5032f7aff0f1,0.2883549703021508
ck_920a48ba8c583e96,0.013669881617646188
ck_920bb003b42e6310,0.0016865788602401259
ck_921ff5ceaf40a968,0.04475988295519749
ck_923d6a0f83accef1,0.013977243957167861
ck_924e572517515f19,0.38377541505116064
ck_926b81c0ba528eee,0.016491869257985684
ck_929bcae878a3ecb3,0.6382639517368461
ck_92d679d6ac7dcdcb,0.06930818582513311
ck_92d782bd9ce0d1e3,0.01625244634681227
ck_92de019e05971ce3,0.008677768117540549
ck_92e474e4368c4791,0.011530959190524803
ck_92f6ebc11ebca89b,0.19645446646229664
ck_931510e384b1d0cb,0.0242814611024414
ck_9323e6fc1e168eda,0.6683118395541336
ck_9332bbc7125219a7,0.006387061697051915
ck_933789b55361d7c1,0.8742863463434652
ck_9341c7959543c542,0.0016346743813911578
ck_93470896f0804b6b,0.9249991376467038
ck_934fb5064b6eefe2,0.001052508438094523
ck_9371c700d9830326,0.046321595889706656
ck_937402a60df0821c,0.002924587993059179
ck_93776b0c113f41f0,0.0369505356088827
ck_937f0da2306b2eb9,0.0060741565915271726
ck_9385f5a1eeebefcd,0.025512107833782653
ck_93892e91387f5103,0.012817653509012702
ck_938ce30c864bc7df,0.0021606582223917432
ck_939fede90473e412,0.01623070353276363
ck_93c0cb3dac4891fe,0.0026668401266463967
ck_93c4e05699b3b7d0,0.017655239719332052
ck_93cc12703b500613,0.03918908812505358
ck_93e0d6befb67f7a1,0.03417396795278374
ck_9401f9e11f65337d,0.021650522751201325
ck_94295287a04c85d2,0.06696940263943182
ck_942b95988a6245a6,0.13617978725101004
ck_942dbf632591b65d,0.026216261004688667
ck_9439bff87e616d4a,0.01404308506151135
ck_943f66f28dd24750,0.0013860174833383062
ck_9440335375701f44,0.012798110207235005
ck_94410eedfca91304,0.11660216568166484
ck_9441d48a12e8a4bf,0.05427409762269708
ck_946afc2943298d26,0.002454826837424633
ck_9473ea4a01c95f9a,0.025982023901923525
ck_9478dfe4114c30f6,0.004381928887710686
ck_948517bad569b40f,0.07391616704393406
ck_94940d783e7988e6,0.0034035311362670094
ck_949f08f8e80e93ea,0.0033522877584283486
ck_94a096c36162a153,0.0048937921909663
ck_94b59bbc824b307a,0.001246909655332952
ck_94b90ab8b2dfb50f,0.006369722112010577
ck_94c9a4d382689e82,0.035992308886115584
ck_94d5ce61a0c50465,0.02075401904057512
ck_94e8142728e44380,0.02450674782043976
ck_94f4266ee7871345,0.014046151773276084
ck_94fff69584dd3b2a,0.018332073454340823
ck_95188150ff059c70,0.042075338543868246
ck_9527adac182abe57,0.32409780435845725
ck_9528e1d6b1707870,0.005996226525524017
ck_952da7ca9f33decb,0.012249170656217074
ck_95391029a21caa24,0.01793156281856988
ck_953bd5de48ccd70f,0.8573342075045778
ck_95458880a54df0b1,0.2496162650252391
ck_95654593cdebd141,0.004562006361609274
ck_956b5af6d7d86c65,0.7021624125057438
ck_956dd784525f5886,0.0633421871649291
ck_95790440bc4bd2d0,0.030632248685035033
ck_957fb25437c75e41,0.07398280200252047
ck_958acf84c6137a22,0.011128924358615311
ck_958c0bd61820147f,0.022980705247233172
ck_95945f48453ca532,0.03362983510203147
ck_95aff1fe27fb24bb,0.017969311985646653
ck_95b48972061abe82,0.002545869593782377
ck_95b894380ad2702a,0.045270444356494945
ck_95e444a01e2ab4a5,0.01685665434834161
ck_95e4bef65c36af1a,0.0008592098715507392
ck_95fdc264eac72fa0,0.003069609177614406
ck_95ffa1a805a1c9d1,0.001526156911314397
ck_96100d5e8e051e91,0.002117931578163445
ck_961ddb8ff55d868e,0.0035646315535448315
ck_961e7dbc217cfbbc,0.006492256966045339
ck_96247fee0eb44420,0.0029628966263737927
ck_9625a64406ea16e3,0.0030834620685242374
ck_962c3bbf27cd4b80,0.06437482687806036
ck_962e65ab33b5c311,0.9147234558062073
ck_963762210edc5694,0.04578770342066245
ck_9645e7adc08631b5,0.0614695083194595
ck_9652283c9f61fcec,0.0009165995730604198
ck_9658a6ef471053f0,0.006488631719074942
ck_966901ea9c77cc02,0.009486735128581955
ck_966a167758fddfd4,0.0767924218529646
ck_966d4d713cbc7792,0.0022448431427326276
ck_96810ad39d4cb7b0,0.029876171300834326
ck_968a99e097ee78c9,0.044133796674736936
ck_9693b1eb70880205,0.008898604176889298
ck_96953b8945b7d403,0.008252206808146857
ck_96a89e720176b389,0.0395188424364446
ck_96a9221a87be93c3,0.03703586046865905
ck_96c3a3517153390e,0.017119652260038542
ck_96c7d52ba0a766ef,0.032527420949484805
ck_96dff7a09d45f116,0.0597659683905268
ck_96e4d38ef670eaff,0.005060437881775217
ck_96fb9bf556842bbc,0.007735594721058671
ck_9700a00ff9e66216,0.06434051436587139
ck_9704c5cf8659cedc,0.01254078924924083
ck_970c7dc195161272,0.0005019914027123216
ck_9720a472a3e0140c,0.0019312489005408843
ck_9724718fe64c6557,0.9378007959883438
ck_97402a153348e68f,0.0024044493173554643
ck_9741a82faf5c7889,0.041735390556703576
ck_9757163e25262b74,0.009790131567740066
ck_975c2aa3d4a8c51a,0.00836993097816624
ck_976fac1bb3dd8c58,0.012769079128375117
ck_9776cd8263a9f415,0.022600446039728612
ck_9782c86ba6485f88,0.0015618196378931087
ck_978c21bb5fe3171e,0.01828603617004455
ck_9790138467a06223,0.000831616750403176
ck_97a8dac48dd62488,0.36906343804729685
ck_97b8e05d62abdc14,0.018605981011066888
ck_97c38e7f61c27e47,0.011407969120013005
ck_97d04a67a104af39,0.03792650838909972
ck_97d4bd922996fa10,0.0033634404807006807
ck_97e3b04a1350f6e4,0.026068545914642003
ck_97e56e6037024dff,0.006162040009736509
ck_97e94708bcf43563,0.016539564509789006
ck_97e980463aca4644,0.003657975171917192
ck_97ffae702f7c3d08,0.0028800270261595687
ck_9800c21dfbd8e811,0.014875385672612939
ck_98068c397d70dd3a,0.06778898427681612
ck_98149ed45d38c4d3,0.04104643558321945
ck_98217aeafa0bfefd,0.020968060608018004
ck_9822f8ed05335741,0.003503059334880764
ck_982b0bf2e2b6c4f7,0.004645148517430581
ck_982c2392238b7be3,0.24015910264649074
ck_982ebb24174a4ade,0.010606075377234504
ck_9843d0e61c37ebe8,0.9961632686904323
ck_984dd7452aee372d,0.07537016144843371
ck_985c9ca112000e9a,0.03881371858000959
ck_9863bff41d24ce9b,0.013335249785746352
ck_986e4e61440506d0,0.0633391730983579
ck_9874ad160efddf50,0.0065222947771478345
ck_9880410fcd10a28e,0.008853661248721313
ck_98831b57c7ca2e4f,0.0021004417506131703
ck_98b34f2d704c1c2a,0.019392264614830523
ck_98d2f9a6ba3a3077,0.9444212351119358
ck_98e1992ac8e7d2de,0.027132921818768634
ck_98e337806104dd88,0.0027506024599284326
ck_99021fe7225b5a68,0.03287424376428229
ck_9915ceedf63a5289,0.11539080428844271
ck_991b7dfd69098320,0.0028015921361365485
ck_991c4c924a1d85ff,0.8366859428459177
ck_9929723f65636c7f,0.9920442358373492
ck_9937dad93a0ed3c1,0.0028538142125788834
ck_993beb188dd4abb6,0.011091220257441055
ck_994316fa5a02b319,0.0005066293026084634
ck_9947a323bab5cacd,0.18379817062465778
ck_9949f53c155b8dde,0.00868697298666537
ck_9951bd806c13c7fd,0.04177651831953231
ck_9958b58da9e3c21c,0.024226789941948896
ck_998475a2e4dfad4e,0.008373633328259146
ck_9986c7d781ac6b4e,0.00803435639706363
ck_9994323f97109f4b,0.9909051115363385
ck_99a4e5ef02d89493,0.08541924898269637
ck_99a92d710a29c1d0,0.007406113827093479
ck_99b4f266b61ae7ee,0.017321681567568137
ck_99c0004d8b7079f8,0.0055537450796977195
ck_99c0a41ac9c73857,0.001835606803652044
ck_99d3983f907828bf,0.010164863161411651
ck_99e52c3c2530b69e,0.9771527934372289
ck_99ee90946395d74d,0.41769344062807756
ck_9a0b605e9c3220c4,0.027102540443713314
ck_9a15fdefc47e8d11,0.005622618596003562
ck_9a1e3ec9a1839939,0.013737220349902535
ck_9a21d183524734aa,0.09830196988026836
ck_9a2fcccb82da663e,0.016694648370192747
ck_9a36916b60178ded,0.5509802036607445
ck_9a43c0c73a39d759,0.041797434277527655
ck_9a4967cdf49265cd,0.10945365814622088
ck_9a56739d81f84a53,0.0030733651809835096
ck_9a65fcfc7916f93f,0.000797069700298076
ck_9a66cb13a9884cc2,0.009173846741044784
ck_9a6a1f8102febfca,0.034731293031771
ck_9a84b396aada3fa8,0.17535025242407526
ck_9a881d5433126ada,0.017368762121259755
ck_9a88a5a989cb5bc6,0.010814295128127953
ck_9a930faade55b8ea,0.0016779209906290812
ck_9a9e3dac79280d7f,0.2096775179485936
ck_9aa45c4e03c8c57a,0.034983853434287934
ck_9aa899a5230b0963,0.03610735867781259
ck_9aafc33fba1474cb,0.011830272998408541
ck_9ab42875a0f95b43,0.08050933593611888
ck_9acd98f4fe2d474e,0.35068259953571423
ck_9ad08fcc183ea1e7,0.0022973344056774186
ck_9ae904fbef56065c,0.004727975853038307
ck_9afc3bb849f3a64d,0.02492002745443913
ck_9affb0f26776b642,0.004804031841878766
ck_9b12fb56529ebc4e,0.010240493336916392
ck_9b1c3742dd6fcb8b,0.039460247525777814
ck_9b2b0e286de78a1b,0.012007137971581228
ck_9b436162039a77d0,0.022028314052886418
ck_9b552204498b6762,0.010756186501978881
ck_9b5e7fe28208f5d1,0.004302397864893304
ck_9b5ec0f78e160e65,0.0032332975688604128
ck_9b6282e3bad50710,0.014121423964210124
ck_9b665ef46d785324,0.009399180932204267
ck_9b6ee35e8cd0b11c,0.004308069677404922
ck_9b71274ff83de482,0.9502936271886235
ck_9b7167da0920c37b,0.04986633417912021
ck_9b9ce7bebc235fe8,0.007886264176978647
ck_9b9d9e579e7b55b2,0.029603338080257023
ck_9be551300209fa83,0.00218944123653674
ck_9bedf54df9418e4a,0.002458250237766336
ck_9bf0d28119fc42c8,0.03111760641521819
ck_9bf3ce30b65f75c7,0.052063961091187494
ck_9bf95f8c47e7c7b4,0.004505666775006886
ck_9c0deab8a8367c5e,0.0009369411436460233
ck_9c3aa9f23d01fa1c,0.007783771269291385
ck_9c46711b14d9eebc,0.00151099008262889
ck_9c4886c5c90ddbdc,0.008512285083833011
ck_9c56114f84e9a541,0.004680844924021815
ck_9c5feef7647b0588,0.006662414491644021
ck_9c60ae6958d68dbd,0.5328754173351311
ck_9c9287cb28950eb6,0.03343108838759195
ck_9c9884b9bcaa552e,0.15844669996503777
ck_9c9e8a38bd5a6c88,0.036008409333053285
ck_9cb89cc3178e0172,0.0070771581749385715
ck_9cbd9ecf8374f65f,0.0026352545891970775
ck_9cbef9bc95449dca,0.0027029820961364226
ck_9ccb17c35e636c5e,0.008889231918943008
ck_9ccc030ba2de9fb2,0.052874300527927416
ck_9cde4036d0914427,0.01418001208511713
ck_9cdfaa1c30cc9d32,0.00136632105938922
ck_9ce743dd3e92549c,0.03594064212580427
ck_9cf44eb0237c2429,0.008796810674982126
ck_9cf5e88e97c8c7ea,0.018068658055500154
ck_9d00823bf60388d7,0.033069952260644096
ck_9d1a5cf5a3b87e48,0.008976826898086007
ck_9d4b5e6b43bad4d8,0.009901623471116564
ck_9d4fed252718f58a,0.029560987096065028
ck_9d5049e195eda029,0.03252116506350004
ck_9d64187c0800f84e,0.028638546091303934
ck_9d7151dbdf100e0e,0.020103219689834334
ck_9d7b9e3ff1f3e71e,0.006105333229351289
ck_9d8e9ef37797d3af,0.5164548948387075
ck_9da82e567074da9d,0.057423216097036385
ck_9dbe184e81c1ca8d,0.06323424534991465
ck_9dc23031b6b494af,0.04233098549097519
ck_9dd7daacb7833233,0.056065711067551656
ck_9dde2c63acda3ba3,0.007819291803793591
ck_9de191bf79afd676,0.008971440230723595
ck_9df7e153868bca13,0.006742767443523827
ck_9dfaca4c7c80b10d,0.11486059653715952
ck_9dfb2ae78659240a,0.012761902060464438
ck_9e0383e1fb6e214d,0.09367848473817539
ck_9e109edd124492a5,0.002500890846029472
ck_9e17699baa83d173,0.0037429994802698732
ck_9e21ea33018ce538,0.007552991609304178
ck_9e298cae167f4693,0.003330582965380051
ck_9e35b908fca1e4d7,0.0016133333034757144
ck_9e3896c2668ce06b,0.01803006503713077
ck_9e3fbd04e3532f32,0.22042578087289805
ck_9e5b7acf51b1b743,0.009168272802315374
ck_9e65a8a2f587691a,0.007543624419606799
ck_9e665618a4860306,0.0038000042751498604
ck_9e7278fc7679f002,0.03305322350967175
ck_9e75c6641939f4fc,0.15297252627219263
ck_9e962f9bb0e7bac2,0.01594957415628779
ck_9e9a830785112a73,0.01063709827836146
ck_9ea3d5a5a91fef9f,0.19228125939140883
ck_9ea5872f14cce338,0.00990797589891655
ck_9eb08369e983abfa,0.0008372598202216812
ck_9eb1da8cd35a50ce,0.00868623562572242
ck_9eb5b3f5f672c2b1,0.0022953277950297332
ck_9eb80edfa43203de,0.00423951546242666
ck_9ec7f334604a228f,0.021094706385140122
ck_9ed53de6ef779ae0,0.0008661425704152649
ck_9ede51c8434cff6e,0.013846931200783438
ck_9ede89e8a43c3f53,0.09449036894638947
ck_9ee044b73943a90b,0.00510699201859874
ck_9eea37d2de633b27,0.005060603793156141
ck_9f3861940d8d873c,0.018170973083953847
ck_9f50920c894f64e1,0.00816415432387898
ck_9f5f81d771146aa1,0.0007243670285612529
ck_9f7807ed64cdb728,0.1252694797462602
ck_9f792e7e721ff7f1,0.003007264050005266
ck_9f83fa5a2d3b9049,0.024524405800683276
ck_9f85fea4490c00cf,0.020995895569682465
ck_9f9555197480d1cd,0.011506565749437293
ck_9fb11688dcfe1513,0.009119431135051889
ck_9fb8e3d38cdf276d,0.6820465699050117
ck_9fba80f56f357fe1,0.008815909363522757
ck_9fcde1ff46cbbea5,0.0022739013723832627
ck_9fd0be2c018ff5e4,0.006719611927778097
ck_9fe9bdce982b312c,0.04869824994389716
ck_a019151ca8e7527a,0.034077810909281504
ck_a0255ab46e122d2f,0.0007278318797916819
ck_a02aeec1914c158a,0.02004572725035301
ck_a032e8ac1507c6df,0.6649645825872414
ck_a037aff5f8128c73,0.006209803926780706
ck_a04403073c90ce38,0.0008852729857529974
ck_a045a19369016818,0.9976716589968725
ck_a0498755cd8d7188,0.0014398756818788279
ck_a0543e9b3abe1001,0.14062121882147566
ck_a059d00cee5cee99,0.0048624286492666745
ck_a0714f98001efa0c,0.014061999686581407
ck_a07e7409d6d5aa06,0.01035626756181755
ck_a08f8dfadbdca112,0.00767543821530718
ck_a0b4209feb31f5c0,0.9959147875626756
ck_a0c3059a959ba5d1,0.024112760484446938
ck_a0dab7aa9c4a39a9,0.008076826174273678
ck_a0db4ccca08030c3,0.8011544911578496
ck_a0e3a2facd508e49,0.09843993473521241
ck_a0e46b67e986ab56,0.01786834569345249
ck_a0e5656e1cf9cbf5,0.0033339882817554393
ck_a0e96fed380440b2,0.009196377977307185
ck_a115a7919ac5875a,0.05984190714746987
ck_a1201284122c141f,0.04824922562893215
ck_a13fee8cd925d0dc,0.008730554864071436
ck_a1484e6215fac651,0.48850091939730234
ck_a152165caf295b51,0.053600450314048455
ck_a15fe7d0f4b65c33,0.60169816280765
ck_a17128972d3e507d,0.017103014155437316
ck_a1a93c5f375f6021,0.005326602727045659
ck_a1b4c96faed3e0db,0.012623708995550993
ck_a1c39df50a5873b3,0.047134867569814755
ck_a1c78972e4ee4082,0.017643077668663458
ck_a1c7adfe26e09a8c,0.026535267279027497
ck_a1c7cf63467df4c2,0.0015088303277503907
ck_a1c88c0568f142d0,0.03661055657950794
ck_a1cdebfc42a52448,0.006557891538125419
ck_a1e13c0d58560340,0.0009889051313734948
ck_a1e77090b1c6ccf4,0.010415428266011523
ck_a1fd0ad03ff9b776,0.04693369385868687
ck_a209a5f7d172125e,0.037624370778252064
ck_a2245822cfea997d,0.0029510540932080453
ck_a2299b4f530be0d6,0.5076966829539993
ck_a2624e0387974e0e,0.13951627128118915
ck_a2637e4872cf4811,0.1072526790306695
ck_a26704b5b26258b7,0.03487281259730091
ck_a27bc31eecd9cb9a,0.033644490672622096
ck_a2858979dd5645ef,0.0016840562720450048
ck_a28d6b1601b472a6,0.03377857724264039
ck_a28d9bb5590d458f,0.0467226644241217
ck_a2c3e82fab520483,0.031816005619776294
ck_a2c9796ea229a4e2,0.005050814566454234
ck_a2cc3910a641a808,0.4842857608388765
ck_a2d0417791d4132d,0.016102814829495285
ck_a2d709e7eb91e4af,0.04903086471129788
ck_a2d7a563f520b7ea,0.016474179576598014
ck_a315c9619a317609,0.013979057259276081
ck_a31a64a39a2c4941,0.007059732110734429
ck_a337eb38eefdcc88,0.07034968947713956
ck_a33d2325f86ab12d,0.017821176155330902
ck_a3564236069e3524,0.02910415044230983
ck_a35d81bcc54ece2f,0.010831265113352348
ck_a3747201f377626d,0.9700831575204337
ck_a378c58294001a36,0.8920585476374878
ck_a38bd07a5fac5c9a,0.006096225293686479
ck_a397cd64ec5d644b,0.00968628502194614
ck_a39d0bca345b492d,0.014448529737437382
ck_a3a0bd59729fe619,0.02993916424111505
ck_a3acf4b986afa98b,0.28327052353936394
ck_a3be871ca22ac416,0.03698271388656488
ck_a3c25d6cc7478068,0.0067048295025583515
ck_a3cce46d15cc20a2,0.0606930122442413
ck_a3ce05e9e5e32142,0.017851027577922625
ck_a3f821bdf408c326,0.007985969511106646
ck_a406bf11e48cf8c5,0.06852362085942167
ck_a4258806a533efa9,0.011695729461357253
ck_a432b1bf1d3b3d5e,0.26831779782373477
ck_a443d49c2b4863b0,0.010448708873022225
ck_a44462a3853ac67e,0.9889720336161385
ck_a4691b57f837d88e,0.0218972394711569
ck_a46c1773f01f0be7,0.06379065780999582
ck_a477654d34783e06,0.0035335252531442716
ck_a481385c2e60dc4a,0.008138209159459486
ck_a48ec0c00ae20e82,0.08317531470724224
ck_a49a2c1f881a3560,0.0040028219534720185
ck_a4a01fd45936b078,0.03192468919173778
ck_a4a42d4bff8af645,0.005000115215259122
ck_a4a7ef3ad799c380,0.015393233978385847
ck_a4d6e152b0076964,0.008689193748018605
ck_a4d7f6a5869d440a,0.9802153366971649
ck_a4db6e94a8f77f9d,0.07310161831428101
ck_a4ddac49657a4450,0.006618553044130843
ck_a4e2607b4c8021e8,0.000579034678309441
ck_a4e6fc391b674335,0.3017220102068213
ck_a4fa8833995c716a,0.00395748414631581
ck_a50370907e6b397c,0.05595304382035195
ck_a5051eafe8b51224,0.007081408449741853
ck_a50621b5eeca84b4,0.004006955035534474
ck_a51abde881ebeff3,0.035722108389314715
ck_a524071c51ddde20,0.013260028552484836
ck_a5276af466b681de,0.004799603888215186
ck_a544e766540861fc,0.011323245258079878
ck_a54dc042ebb7c766,0.15036857294928863
ck_a553418f2fba1440,0.012419287182695993
ck_a574a08edaf81781,0.012171181505083322
ck_a58e900469dfc3f0,0.003123632901171254
ck_a59e90219939a1f0,0.009915409118069405
ck_a5bdd026fa9c50fd,0.01129549467219595
ck_a5ce2ae36fb410d9,0.003148254525034802
ck_a5d7311291caaa54,0.004625635768315936
ck_a5e036327d3d1862,0.001327325187383922
ck_a5ecbefa849ae569,0.01901948757532421
ck_a5f7b6fed6df2aba,0.1387341746431523
ck_a60388296a47062c,0.05442636045134188
ck_a60a61ac829252a0,0.0050554688534349265
ck_a60c618b7f0e4252,0.010631730132027182
ck_a60d6b324bae0330,0.02044218802947709
ck_a60e6edc48e3d0ac,0.3702668910448423
ck_a60fe02fc04407a9,0.03973532956688835
ck_a61a879dd46fc9f2,0.007076785840549482
ck_a627734880aca848,0.00029579044693382235
ck_a662b4bf900781e4,0.0008731658035007544
ck_a678731156ad7bd2,0.5124836240326769
ck_a69084a068bcc8aa,0.04191983622131139
ck_a69ca7b9d70972bb,0.005055937638333525
ck_a6c02ae50932cd9d,0.009753660169891357
ck_a6c740041faf0bd5,0.0073089187185922016
ck_a6c7b8d6e8596d4f,0.06568119688160955
ck_a6d4f998dadc90c2,0.5421423906209899
ck_a6def1e4b2d57e0d,0.05047975812299987
ck_a6e8e8f535b1f1d1,0.07192341192924362
ck_a6f61864fac3c8fb,0.0073749704212780496
ck_a6fc92aa91e99b77,0.9533430217854609
ck_a6fe344bbf67f14b,0.007712819639781536
ck_a705c61bd679496f,0.008184204375993423
ck_a721f0d635fad68a,0.01460604107513994
ck_a725d7aed2a0bdc2,0.0008863087541743384
ck_a7285955e2852686,0.011362175896102335
ck_a72d6df666e1c21c,0.00880309281545357
ck_a73045e96af0e4fe,0.024855275126202402
ck_a7331e8b808c39aa,0.13489885021257267
ck_a74f6a3030f5d495,0.03031261510501898
ck_a75ece9a9044eed0,0.002988436498898425
ck_a760d38d1bc4de97,0.0033058734650659736
ck_a76e8d83b9141364,0.04335376955902088
ck_a76ee3b3e3e522fd,0.11471985094871692
ck_a777c813551281fe,0.004788761441812351
ck_a79a27767a02e31f,0.028446138317474157
ck_a7acd5b015823793,0.01933944214815457
ck_a7afdac4ecbf2de4,0.5513173117285073
ck_a7b57882ab66b111,0.0014722440313272287
ck_a7bc323ffed2ea97,0.26993622944488266
ck_a7c1dabf3869772f,0.16660927100875972
ck_a7cf6c3b322f6b7a,0.00957811263460369
ck_a7e669cf1c3985aa,0.0079974288151042
ck_a7ea00a1760ad561,0.9815766893464756
ck_a7f522382509cef1,0.0020313579765753984
ck_a7fcf7b592f68ca1,0.023313391833994324
ck_a821980ac4db9943,0.22495934500774076
ck_a823f5bcb0e4b9df,0.002745796915352318
ck_a8382d8345f21e1e,0.004918432057394847
ck_a84f2cdf695a71d6,0.004716633954734905
ck_a85182ad90b6f1e1,0.0030340397037690752
ck_a86cd653472eccbc,0.02064176266395702
ck_a872df31b28a5f7f,0.10671392856410945
ck_a892252e4e0c2828,0.008424113091382388
ck_a89b66665714058f,0.0045904281474292465
ck_a8a2e296f9804bd7,0.1103563421792503
ck_a8cac8d480306839,0.002167860533623045
ck_a907fa8795cd4baf,0.0012652720064614087
ck_a911a066ff0f7b56,0.03969657870021621
ck_a9161cf1ca22a6bf,0.012551197387099566
ck_a93560aa348d6225,0.018285450210170542
ck_a958b2461ffc21a2,0.0830985680138496
ck_a95afc7a00303a26,0.016481891230574242
ck_a95f212a02433d23,0.008706480968339704
ck_a964e6b5d8415334,0.3846312546829537
ck_a96887f841e80fc1,0.018087927276711484
ck_a96aaef34173aee6,0.10280002579375663
ck_a97b481ade6f7972,0.025992570726632566
ck_a980b296c95153f9,0.008712905474971302
ck_a9812ff3c111ea94,0.04776206781680713
ck_a98848eec6c9581e,0.07484988187506574
ck_a9989a3a94c26634,0.023691945477096646
ck_a99e0c258ad7576b,0.007710794640996422
ck_a9aa389688ee5aea,0.012437883832396333
ck_a9aa5c344c315532,0.01178237184017236
ck_a9b0c4dbd7db6a91,0.020246022561420145
ck_a9bf75bea912027b,0.020075933132476773
ck_a9c2cdc758df8510,0.05241773416294373
ck_a9ca2f447b984a6a,0.017320507815891784
ck_a9cd84a6dddfe584,0.019847559565903502
ck_a9d2bb4f2bde7052,0.006927821254580816
ck_a9d994554fc14a02,0.0010355357003623226
ck_a9dded7f6294e44f,0.06368999272667676
ck_a9e7f3b2d5dfd97b,0.003778318348168638
ck_a9f700eee5d638df,0.007668196449814149
ck_a9ffd6b3957bd41e,0.0034580770638357916
ck_aa01d5aafde73d0a,0.003929171990373851
ck_aa06ed358e43db69,0.05991807480879601
ck_aa075c418ed9fe5a,0.013693886698742004
ck_aa0a3179f1111674,0.002819653854202364
ck_aa0b083e2a6813eb,0.08206469560823237
ck_aa153a89a52f7eb5,0.013951914831749936
ck_aa188e5c25f7f42a,0.015931707385631346
ck_aa295a11b0a6ab36,0.01162628422527457
ck_aa2b4c662ff213b6,0.016694088939579854
ck_aa37993f1c17cd1e,0.024288452160839243
ck_aa42976a31cb7770,0.026075140049388823
ck_aa4ba931dd37481d,0.008282110251062794
ck_aa59702537557ff1,0.045410588091829684
ck_aa5f3ab48c17fed8,0.2628088707127009
ck_aa8b9b36a099e4c8,0.012284131640235323
ck_aa9953c0ca2bed7b,0.0020559793696251286
ck_aa9b28e7fc43af79,0.5908927019426233
ck_aaa9861c91bd14dd,0.013496513335241456
ck_aab23b5470469649,0.025181178798852177
ck_aac70764dde15168,0.014689703405556353
ck_ab01db9117acfe3d,0.008703844559158498
ck_ab1b9d019921bca7,0.027052343945058226
ck_ab1bb02f6b189304,0.12630587553745112
ck_ab2aed614ec1cdf8,0.020040200771381952
ck_ab2e3fc56f5b3aae,0.07506343218414495
ck_ab33fb754c818ae3,0.03344259698806645
ck_ab3426435b0017d6,0.043407075745517824
ck_ab3de3d3e41c2082,0.009149739341266802
ck_ab4a8d02ec3c0fd7,0.0005454937191397141
ck_ab553954435e8854,0.9885817844640485
ck_ab581082e8f72e3d,0.00838380026919483
ck_ab640420858ab5c4,0.25614332293161224
ck_ab70961e7c6695b2,0.014833548032700853
ck_ab7cb50407d6b13e,0.025660232508372047
ck_ab80466ef615e85c,0.0026967969313614853
ck_ab973888c20c9120,0.06061851425314602
ck_ab9ea095a5c58b4b,0.011997649700826013
ck_ab9f0e08af030060,0.030043534502538827
ck_aba32acb61c1aaca,0.04643508596399077
ck_aba573aa942b1d41,0.004869683427290294
ck_abac514d8167ea58,0.019942489264580518
ck_abaf371ec8249c4a,0.07181300948396772
ck_abb056a9deab275a,0.032904050727686485
ck_abb9d65ff1f95b64,0.09405890494164597
ck_abbd1465fc730d78,0.005361771872182972
ck_abc54ed7111e9ed1,0.0018473033472761109
ck_abcbde211b6267f8,0.06031514982294247
ck_abd10fbcbaf2b038,0.004594262715831083
ck_abd3aa292f8edb4d,0.06423306541197053
ck_ac0ea27e692acdc9,0.029779456303451694
ck_ac2f7397801036ef,0.07790331934926006
ck_ac32c6e374782b27,0.018267613352587243
ck_ac449ee0c315edde,0.0006546923195922364
ck_ac55dc6cbcdf8228,0.010292601920315746
ck_ac68d707006c12a8,0.023893160659546657
ck_ac79c72a8fe3fdef,0.027065574235985358
ck_ac7cdb9b8da7b5dd,0.01854209710014862
ck_ac7fe1c344190c50,0.010761879507046655
ck_ac84b33304362c06,0.055340669330951636
ck_ac9d3d9754104cf0,0.003667263937809469
ck_aca35dbcb835ad02,0.06203108179203771
ck_acb84dc2351eeb76,0.003763484924611092
ck_acc764b49ef02826,0.15351105267765627
ck_ace21f6daef94f6e,0.003905614052202064
ck_ace3b96c977a7560,0.2855167159112132
ck_ace6b72e5bf3e93b,0.09969672235819142
ck_acee218cbe61df69,0.025933457820471118
ck_acf7d65eaaa4c31c,0.001485809641646141
ck_ad305286702b1958,0.0019951249149614955
ck_ad3c4be96599554a,0.008011328099803691
ck_ad48826c1c26eb78,0.3762371295537982
ck_ad4a4daa826ac68b,0.03484374293768165
ck_ad54292a0b2f44ef,0.005438420537385672
ck_ad6d48c20a3688a7,0.004583621339906033
ck_ad7269eaa65c67f9,0.018886152585668583
ck_ad7c256ea10c4a00,0.13118323996331513
ck_ad8cbe6e27e47ede,0.015278260105758371
ck_ad9a18f58589faa7,0.004447927088891733
ck_ad9e2088a33c8c72,0.0008987665982360566
ck_ada46085a78280e4,0.013013294711407945
ck_ada6ede84c111719,0.004979489310561824
ck_adc576690df5b33b,0.022659757437806616
ck_aded05ada490da20,0.022786098953985458
ck_adf84b9df54c3d80,0.024445169632677326
ck_adfb8472d5c3d669,0.015658488595303107
ck_ae0a7be6b0a0ea68,0.0383837944103614
ck_ae1da8ee98e402a4,0.006384821117612958
ck_ae20e28f9854f3ee,0.019176306954310256
ck_ae2ab6be219219aa,0.004106053934423208
ck_ae3a763997f8f385,0.03543741338180971
ck_ae3b47d6e1063704,0.015201258769287906
ck_ae416325fef92c9d,0.9467958320857816
ck_ae668e4564cd2aa1,0.0025225786262566647
ck_ae7780327e210522,0.01291981236472587
ck_ae8c9163cf957d7e,0.005308465752073742
ck_ae8e5dc4b725bc25,0.12454101762374238
ck_ae91b4cff57fb3bf,0.0043458443325838534
ck_ae96d35465b3b4bd,0.005501553869832897
ck_aebb42afe430e2e9,0.004784810474179463
ck_aecdc5a96321a2d8,0.017526596614203825
ck_aed2681e1646a0df,0.022522862981931385
ck_aeed557007d52e9c,0.00041241407593349777
ck_aefa0d8d933e0eca,0.04615804265808439
ck_aefd1ce3ce093cbd,0.0005428856795585276
ck_af02e1817cfa40b5,0.016032340484546638
ck_af0a6540ea7a36b2,0.011235415926990755
ck_af25c72d16299258,0.005192870823607985
ck_af32a0660090dd68,0.01889957941103707
ck_af39767cf583905b,0.008451755298276352
ck_af3f74b1d75a5d95,0.0098046523624169
ck_af528d66c86f0cb8,0.010418738605709191
ck_af559f990c640e41,0.00886194164723079
ck_af5842fa7202ff25,0.009950227033359517
ck_af65eb885a51048d,0.00394601543383395
ck_af69bfcf4f07d932,0.003887030341359994
ck_af70aa32c009c3c9,0.01970293033492413
ck_af7ffd1a822460d3,0.28502765337483493
ck_afaf374009d3b248,0.021979001162409015
ck_afb23858a4ef42ed,0.9812685596068782
ck_afc484d1b6907983,0.005312995628520342
ck_affa5aa0bff9bb0c,0.029897670082760126
ck_b003e5b54df65db4,0.010682374080453397
ck_b046067c6ca3831e,0.0013118387653757594
ck_b046a42684468e63,0.007178612274349328
ck_b05c4d33c4f43639,0.029002254354063887
ck_b06ce826e593b210,0.034977721400098236
ck_b080ff636932d1f1,0.0005001399911851911
ck_b08247c3ad567d92,0.2554797332348645
ck_b08afc91d9ca55db,0.013354273031894097
ck_b08b3f089138c901,0.009123055290941415
ck_b0a0fb0ee9ebf106,0.010015555692722678
ck_b0a947b498e47018,0.012142122094260022
ck_b0b5bf9254700402,0.007323306036251249
ck_b0b9047dddb1ec84,0.3580603632198873
ck_b0d33b5a3716661d,0.0018598204717094372
ck_b0ed11080076e381,0.010806157506066002
ck_b0ee3a98175b462d,0.0020298743935292115
ck_b0ef193195a2138b,0.006048653392129995
ck_b0f191e44f9b6f35,0.040636151226712894
ck_b0f8f5408662337b,0.002349719265145668
ck_b0fa8b84e94d8ae0,0.011838965377014884
ck_b0fe4b92fc70f72c,0.0025974721304672832
ck_b109ec4c63503030,0.006295403262142602
ck_b1182471d9ac6b26,0.0011852636409664904
ck_b11e22e75d9b99de,0.0011262341922885935
ck_b129261da9c3c3c9,0.0007237617302289551
ck_b138fc249e659e60,0.00816753475333385
ck_b1495ee5c59a6b28,0.012150296688660881
ck_b1496c474c4a3239,0.0014142337422343367
ck_b150fe4efb449b05,0.002728491926295178
ck_b153386f1729de81,0.004217174150970906
ck_b16a7c51b6f7a6b1,0.06556111687615704
ck_b170a7db522a0d6f,0.020508906938410214
ck_b17c239f160e6017,0.028793867285069913
ck_b1befe967f7a5ebf,0.07199790922381462
ck_b1c51fdafcd80122,0.02139702672037483
ck_b1cbd6679c0f8d95,0.009275586062907605
ck_b1dba768dbe7affe,0.0068991042320404585
ck_b1e81b58b9a545ce,0.07178982503266043
ck_b1ed2278f5f14d82,0.013962254565322947
ck_b1ff9edc51d42f97,0.0016660006957185515
ck_b20b81b88dabe28d,0.003923456738988811
ck_b21d8630387cabce,0.0036552571630512564
ck_b22e3337b8e3dbb2,0.004109796370550326
ck_b25657bd16739036,0.00808594523152706
ck_b26cdb2b7b165d2e,0.022545392111645052
ck_b26e4ae47c9107ed,0.08645995835857309
ck_b27a9e39726b26d9,0.0043407431871931345
ck_b294aa27a0b586d7,0.0006938881236256845
ck_b2a79dd3df560f14,0.06063333417403999
ck_b2b63ea65edf1dde,0.05004394709813935
ck_b2c896beec146477,0.031018889916737215
ck_b2cb9e6610eca967,0.012212702384344128
ck_b3225a98acd04f83,0.008906423205137648
ck_b3263e7f31aab45f,0.05438833700256966
ck_b354003302b272ca,0.013323189005322736
ck_b359192aa659bdce,0.026153044112587325
ck_b35d803568f82d9a,0.023127667914961722
ck_b36086ae6d87eec1,0.008854898905075567
ck_b367449195e36499,0.03574848024453229
ck_b378b8d8100ee4b1,0.012512092795937695
ck_b379c198d6db2d62,0.02499281582608761
ck_b3867f7f494db64c,0.004048337405616592
ck_b3905153b9eee924,0.019564289401549858
ck_b3ab3c210e2c7c19,0.011598978880512692
ck_b3ce8f1bcedfa043,0.017096668773447565
ck_b3dd1198ac5aea73,0.045359681356186114
ck_b3fb83f0d772a831,0.008008866432664422
ck_b4068439c413b150,0.0065613452716858384
ck_b4331140b2e0d4aa,0.00842999170003938
ck_b4384b6c11766ce7,0.004539051412525761
ck_b43f04431c267dea,0.009512632832192634
ck_b447badc9138987d,0.0010380247822996027
ck_b456f62b80e21557,0.0009747548820842852
ck_b45e47c39d4dc7bf,0.016504618906894787
ck_b4703ee97f94d7fb,0.0037888117870826846
ck_b48cd8593533fc1d,0.7902678338791083
ck_b4911c42f3bff740,0.0004268601747694872
ck_b4954d16b9749829,0.004346339615032323
ck_b498fa91a0776ff6,0.032736873499726885
ck_b4a6bb4689cd7cfa,0.019643826826922492
ck_b4ad165ace910222,0.011933171161142874
ck_b4c014d5c0cc9eb2,0.009854081879129858
ck_b4d2f02d2cd45720,0.20587296154490473
ck_b4d55bc809000276,0.018144024722555174
ck_b4dcebc543deaafb,0.019893034631157037
ck_b51a58e7f032c9a8,0.05958286217348354
ck_b524f7a2e752b9d0,0.007381738174200737
ck_b52b99dad89ecdfb,0.011711934637115427
ck_b53084ffede19a8e,0.001022502491983969
ck_b53281da70defcfa,0.012009841884527672
ck_b53e88c0e927d896,0.000982606602869383
ck_b53ea8713d32ca7c,0.023779182438933687
ck_b568ba3837afb39a,0.0019303628383870108
ck_b56c62c950eda009,0.0019973423991906853
ck_b5777605668bfca1,0.0028533646569244447
ck_b5935e9722a39819,0.01752472322942944
ck_b5a3e20fd210017d,0.008808354077413537
ck_b5a84c5547378c10,0.002320859434937587
ck_b5c3075c811a2216,0.0765995333423913
ck_b5c93e6d34f8d366,0.0016796097776234815
ck_b5d0d223ef56473f,0.018646747416574704
ck_b5e4c6dbbed1b773,0.02523802988192078
ck_b5e54e22e3d6960a,0.0026516836032090996
ck_b5f9dd00914b4db4,0.0030823683423495947
ck_b60de9e97aad9e45,0.37571834954318284
ck_b60fb9a10d6f4489,0.06562162312658025
ck_b616b6f45225f319,0.07246233630087663
ck_b621b6ffcc7f4848,0.005213756347322956
ck_b62276c3426d680c,0.02170987559677009
ck_b62f3e3185251f71,0.001302378119038802
ck_b62f5144db15ad34,0.13505231028638867
ck_b64c87d5e3b10e6a,0.8408139339809568
ck_b6527a85fd682554,0.01887394728496151
ck_b657ae3c146cb7bd,0.0013873977896312689
ck_b6673bbe61d2680d,0.026441910702621897
ck_b6675a04df1a4276,0.0016087127730072784
ck_b667952253503174,0.00868595317953106
ck_b68199ecccf2350c,0.0017786665867044235
ck_b694c803b62862b3,0.004415761282992541
ck_b6a2bdb2d335e1d0,0.996408087561485
ck_b6cb8d6ae828eed1,0.02740585734155848
ck_b6e3af0a5119d9a0,0.06295257366186136
ck_b6f2a2fd232c141b,0.019586303688761283
ck_b71279e807d0b3a7,0.01759852265127814
ck_b72c7ac4208052ab,0.014327474538823352
ck_b7431d4706461ec6,0.007083439766265048
ck_b74b9ba6d7c9aab7,0.12906673778291203
ck_b75b936aafac56b9,0.01327211254786826
ck_b76510998b9a2260,0.018092818345878586
ck_b7793edca26fc512,0.0149534428453784
ck_b78d785ca3ef773a,0.007807481302899565
ck_b7af9b2ee0eebbc6,0.03999313724705716
ck_b7bd3a7f263f4f29,0.033069107054745146
ck_b7c37d410b1646c2,0.027146854716602862
ck_b7da6640fa2f49cf,0.1967984399097709
ck_b7dd681eb3d2ee38,0.0017034378760136628
ck_b7df99aecef385e6,0.13053068877821014
ck_b7e25ddd41514d4c,0.007977164738953326
ck_b7e7f7d0cd886412,0.06867764360959758
ck_b7f4baa2cc82fe61,0.010020595814293008
ck_b7f5acf5df1bb13e,0.009053254071020816
ck_b7f5d10b427346ad,0.005108973672292682
ck_b804e784cde9af8b,0.003311662700000912
ck_b8266dcd90cbfa62,0.00647472898103153
ck_b837c7dac2a9b931,0.022740579289086557
ck_b8465b1a5666155b,0.023259327125937226
ck_b864f64101149c35,0.2723662275384448
ck_b87e88ee5512ea17,0.0060750755051156785
ck_b87ef4b98cfcec4c,0.027650981846489894
ck_b898d912d1181ef9,0.014908493262657281
ck_b89c6fa2ad0a12f5,0.027698560986297246
ck_b89cb90a420c9075,0.0022609466524879467
ck_b8c7771de9b57705,0.006775415004624713
ck_b8cc2df5192bc49b,0.060289796849552
ck_b8cdd6d6dccc4554,0.0024531237478848554
ck_b8d210e741be186e,0.00410821113644118
ck_b8e5244e650aa81b,0.02120423291119443
ck_b8e8dba20676d87b,0.036925941223786285
ck_b8fd61a8e82bce32,0.897064762693722
ck_b911a09f328dfd4b,0.004512584206857713
ck_b921af37d500e139,0.01810828908127228
ck_b92b11d205af91eb,0.0004756135824102886
ck_b9485218cef413f0,0.008285649217626891
ck_b95fbf2b5640aa82,0.00811535668797303
ck_b98e9c3ec6e7d1e7,0.008953090985835124
ck_b9c6b32f6bd92a3c,0.003791619589895175
ck_b9e5b318ee4de68d,0.015389153762488741
ck_b9eaf03453ac7d5f,0.01639470053726067
ck_b9f1465d803e57b2,0.1265722440326257
ck_b9f6040eebd1605f,0.060091398008952475
ck_b9facd2210daca5c,0.05924235848848517
ck_ba175b1bd8efaabf,0.0043511690575598165
ck_ba1f6dd43fc8a0b1,0.008756450949466697
ck_ba3a6be026c87079,0.009635276750883028
ck_ba4a6b9aa63964ef,0.028131815361471912
ck_ba54e0a1c328119b,0.5811716649562205
ck_ba576d6d4cb6130b,0.16977626284172873
ck_ba666a425930615a,0.0009243607376291629
ck_ba68841ca2ba073d,0.02632163238085238
ck_ba6e1115fceaa067,0.03073240115783104
ck_ba7b78d31d74c794,0.03694649963885129
ck_ba7e347251ea399b,0.012570622110656918
ck_ba845332b730b596,0.001487925997538682
ck_ba88a244d5f7380f,0.019395665998411082
ck_ba8affe4b9505a95,0.20437686232682106
ck_ba93cb604f792915,0.04442343508677534
ck_baa47383ffd50f04,0.01419722728974054
ck_bab5759b07fe2bea,0.00197544969227413
ck_baba5d66def0d770,0.10292330067884192
ck_babb95a76c69509d,0.01740453953412987
ck_bac5233623b25ca4,0.009526318515064516
ck_bac6dadf428eaea9,0.017823382008494527
ck_bae8dae7cfd8baba,0.0010768499372380146
ck_baf43bf1bd963f9f,0.16469409231934956
ck_bafe82c870356706,0.9801714322676354
ck_bb0713a2a1d65982,0.02604489794073805
ck_bb113e3e6716ed65,0.00999146070325487
ck_bb1a981306b750ac,0.09568258273679343
ck_bb303568b6915205,0.1451239455218913
ck_bb399ed6bf28c230,0.0873543916937185
ck_bb41a66e3d90263b,0.17772357645294112
ck_bb4aec09d4968dda,0.1314102959546196
ck_bb4c6b713eb0b978,0.07651744387290707
ck_bb643194d1cbc47c,0.9921602860435823
ck_bb6cf7e7b707731d,0.8000752740065706
ck_bb76609b79e0bc9f,0.0034390696564755635
ck_bb84b2b30293f566,0.31555228465285223
ck_bb99071e8f58c8a4,0.17717123172768168
ck_bba0ccc6cd968680,0.045252922471188485
ck_bba413492dc46f2a,0.0275070152374352
ck_bbe1a2ea5a403ad8,0.4486114056163749
ck_bc04f51c23290bcc,0.01006440108420956
ck_bc19c383560c7477,0.018399908240081028
ck_bc273f3ce79f7e1a,0.007426347161823394
ck_bc2e771a1d8d2dee,0.0465610239390743
ck_bc32655ee5ed643e,0.02620576225238966
ck_bc61c59970f8de49,0.009796658720137925
ck_bc6f07b06aaa4ce3,0.054753957810984744
ck_bc736114a31088a7,0.03074528120264984
ck_bc7710f7e9fae649,0.0021676840426664633
ck_bc7ece8787ca7200,0.004110495903621235
ck_bc82fb1895fddde5,0.002288327528418189
ck_bc89644ae3688995,0.015998775048935224
ck_bc8f31f4a2ffa1ae,0.0032451485763143493
ck_bc996c523944644b,0.050602895354495886
ck_bcbd8588a13f5eef,0.0012861559304063917
ck_bcc8519fe8521038,0.07879079674944557
ck_bcc9cbc9ed8b7c31,0.010630454044566131
ck_bccbf9fef367f00f,0.03633338176545665
ck_bccff46fb0868454,0.40142677780917113
ck_bcdbf57d98dc0d27,0.05653646461117383
ck_bce253d2396681a1,0.008450348199492351
ck_bce5b7fecfb6264d,0.04410981646631608
ck_bcfb7ffb7cd428bd,0.004723980413651477
ck_bd1bf9e3e29de281,0.07635607073572236
ck_bd20be9a3392d79b,0.0031917600216192607
ck_bd21164bd2bbb635,0.034037554248690524
ck_bd23cf9bba1dd33f,0.060045540695933944
ck_bd2545c62f258231,0.030074886604033478
ck_bd25ea782e375b22,0.020115393609842366
ck_bd26d2bef14a8597,0.015829926926796842
ck_bd2cdd53fca26171,0.02205678173419051
ck_bd30853e9a57b544,0.011695479360714441
ck_bd32dd3b2cbb7888,0.997798504324922
ck_bd771efb4a7e15d0,0.007902058594691489
ck_bd80546b4807dd59,0.014398709564364277
ck_bd85f30c36f5998d,0.06038551354579132
ck_bd86132499defcd0,0.012340764929138838
ck_bda299466bb2136e,0.018953871727767597
ck_bda4041a3e90d860,0.008426983020778475
ck_bdb966f43ac350ee,0.030342638975075477
ck_bdbb4230c91e1604,0.05705899527807676
ck_bdcf049c1e7d0c95,0.009848974991603076
ck_bdd2da300b530c5a,0.013983646545165856
ck_bdd8eba728800e29,0.02468267930771777
ck_bdee1221b9addff8,0.005368578022891025
ck_bdee7c86f5ebe81f,0.015070778881740668
ck_bdf837d761a7cec2,0.5088222462347132
ck_be05447853d423a9,0.0008959766042646293
ck_be2251640f27a3c9,0.16892195573749097
ck_be48f583f79427f7,0.028502432595866094
ck_be51f4e5e6b85768,0.13561573680496974
ck_be52a7ec43241ba4,0.06031640311111089
ck_be5bd81e3715cb8f,0.4796947822402928
ck_be5df076b8a86409,0.0013751877948855972
ck_be86a1db08dea456,0.009676159959712192
ck_be9c46acd216b45d,0.05649356327038855
ck_bea2cf7a6b7bb900,0.008875831855042432
ck_bea56db7f3e930e8,0.0014995300764074312
ck_beaacb4a783db21f,0.002887101460682599
ck_beb97e498e6cf8e8,0.05006503517791654
ck_bebea2cf3063fb24,0.011866414318142374
ck_bec8324a3587ef04,0.0042171081227902075
ck_becb6e1c608e0078,0.002679041896538909
ck_bed0c020b10afa3b,0.012189215290372047
ck_bed3e3db135b782e,0.0521659089783255
ck_bed50fc64fbbf8ec,0.009615047179533258
ck_bed8a480e27e911e,0.012661037751989844
ck_bef3193f124fca5c,0.2949845422145362
ck_bf15a1f8d67a30d3,0.010147808245771647
ck_bf2228a052815840,0.005221148531075224
ck_bf285dd49f372de4,0.03215073721058639
ck_bf378ea558a4125f,0.5421372745503742
ck_bf47375e41ca3bc0,0.0007265072857235704
ck_bf4e7d48770a4a8b,0.0516289923879701
ck_bf6fb7e6470e95cb,0.0009067174653699861
ck_bfa17a0b1760e616,0.0008120026775870711
ck_bfa7ba218b988cde,0.016873846887969488
ck_bfb067986660afe3,0.04721329548394861
ck_bfc2a57d8fd1610c,0.25774680783159365
ck_bfc453eabb472f91,0.005160956581574065
ck_bfc82b3c1c9f2897,0.5920871078654664
ck_bfd9bfc5b6ab4a54,0.1849928497531897
ck_bfdd232a7c5f2660,0.03749768435633029
ck_bfecad7586f65e4d,0.030072866259177437
ck_bff090cb4ab76b9f,0.008412503199069249
ck_c0032232c2868328,0.0076997949594960246
ck_c009c97d5fafbced,0.1070241464900822
ck_c00e70606904539a,0.002999230794967199
ck_c0133f60d39b2fb5,0.02399177406460853
ck_c01c85bd631d4054,0.004681415107595121
ck_c021495606b4735e,0.008749498646718692
ck_c0389ebeb0e65cb8,0.0009565472367336702
ck_c0422e638a9c6046,0.01622262695476211
ck_c05737ab74cf03c6,0.07503432259612144
ck_c081e1967dcd811f,0.035304018313586615
ck_c08e64d424e56c05,0.05155905069868971
ck_c08f622bcd6de6e7,0.05931268399881073
ck_c09c914e416edd08,0.0071756948198160074
ck_c0b50c11e4f5adf7,0.02563450334121953
ck_c0b5cc3e8ad2ff44,0.04688161868774234
ck_c0b744eb9e7d4eb7,0.014010922242659837
ck_c0b8067c144ed6c1,0.0038692744588973657
ck_c0c4be3f44311b04,0.003975006821809432
ck_c0ce85fb4109567d,0.02117510171193366
ck_c0cf50eef030b401,0.0035440232386765467
ck_c0d2c56f9c722e99,0.9853440163640769
ck_c0dde2a6ef1e08c5,0.0018204785660633483
ck_c0e8560ccfd9dd9d,0.009243917655133708
ck_c10c8bcf5bcd516e,0.036118281457943185
ck_c10e54c9db29e6ef,0.9972082967311742
ck_c12805fa5d970a83,0.07350868268943078
ck_c1295d97cdf35ec2,0.008676310442641916
ck_c1466b52c0a10b93,0.02359679780338489
ck_c16ab1e4dafb4910,0.17936542931082897
ck_c18245be844680f3,0.016254197218301344
ck_c183dff3781746cb,0.06133112578582822
ck_c189b551bd111332,0.0033108402782457947
ck_c190c7b924edba75,0.1318818662333731
ck_c19371047a2d011d,0.006724694988639477
ck_c1a31690c8573226,0.004761675371083524
ck_c1ab40638f04cb02,0.03814397756229412
ck_c1aebbeca6ab5ff9,0.01152377668256075
ck_c1b493527224a27a,0.0037761408028848874
ck_c1c2cb49c3c1b0f5,0.3465502440314723
ck_c1c5ea839c58958a,0.10200527435041572
ck_c1c7d4e62c9fcded,0.11000054730709705
ck_c1c9d3842d758420,0.05196116442607631
ck_c1d05ef0ec6e4be7,0.007896803988111626
ck_c1d1a625b885a975,0.025636664073985
ck_c1dd3feb9a0b6471,0.011399684519101262
ck_c1e5182bd99e0e35,0.2812062253379568
ck_c1e7d1021ae58f00,0.0016119299889894747
ck_c1ee56d65a42f59f,0.14610260016793028
ck_c1f4509c8f5dac5c,0.01308394578906527
ck_c2015a1200971fe9,0.011597465193870778
ck_c2017120b3b88a46,0.009614762569541274
ck_c20638a325ead2e4,0.0015470003495518295
ck_c20e89afe575549b,0.004301540534373248
ck_c2466fc40fc9d5ed,0.9737061976158318
ck_c24b47184534cc2c,0.9890213853311313
ck_c24f61925dc158d5,0.07079610328146593
ck_c2504f5a113433ee,0.0014169981511862038
ck_c251898b5d51e3b0,0.004784849868025787
ck_c2608f78f6851d10,0.11154180968503895
ck_c285a51ed6214f52,0.017746964317729624
ck_c2925c50ebacbdba,0.012611787430541244
ck_c29489366c01fe65,0.9488265375371056
ck_c2a5c54ad8d0d297,0.019649537271879083
ck_c2b4a1d8c0b6c1cd,0.0004447869196353771
ck_c2b61a98d1c8f6dd,0.8060367592245191
ck_c2bd5a722aa637d9,0.009181895591436954
ck_c2c7d1e45a521857,0.03526814687570154
ck_c2d3ecd7278eba2c,0.005505538561034542
ck_c2dccbc1b24b137b,0.1625466960793061
ck_c2ed04a9d218410b,0.0019360083667497047
ck_c2fc0ac460786d02,0.054043020589860526
ck_c30201ebd003fdc7,0.009813920876706794
ck_c30c5844512e429f,0.027708169564812157
ck_c33a762d98f9b290,0.0044289674871107465
ck_c340644176ca03e7,0.012307771112319982
ck_c3476080516db25d,0.01023784181820427
ck_c35d444e05799db6,0.014771599445059302
ck_c35e03b0dd0c3454,0.013801124850550727
ck_c363d3b050baf3b8,0.0350312576872939
ck_c36ed9f8e6792ea4,0.01848969023046934
ck_c3719a30414bbb4d,0.012719118631757408
ck_c375e929becde422,0.008643201171864026
ck_c37f03995f0f0169,0.0028391699337372016
ck_c383aeabd53e9c89,0.10028006676750395
ck_c39a9e75760e3201,0.009834505720780663
ck_c39c6a1453e2b92c,0.0003345991841045907
ck_c3ba7534cefc1de8,0.007457053169750628
ck_c3c19d6a0720915c,0.0005502533655603367
ck_c3c69aefe7ea1d2f,0.018695558147285466
ck_c3d7d3d12a1981a3,0.0034245002316427124
ck_c3db1b3ad4f16679,0.008788275146538595
ck_c3e37a4d3382c32e,0.002775979491035768
ck_c3f360c2d0ea0a37,0.027455052461119782
ck_c3fe0c6c5e1f40f6,0.00800203714180505
ck_c3ff6790cc6d7e34,0.00855424140276326
ck_c401a26725b17177,0.0014896100547935702
ck_c40ffefe4e30b001,0.03201358406976119
ck_c416357d20238a4e,0.004707059882350848
ck_c417d06f3e94685d,0.004936004014558861
ck_c422ba389ff00781,0.001821658022622897
ck_c423aa6de3ed1e01,0.007228089246887446
ck_c43b4175fc9ac5bd,0.870005368504778
ck_c4402ea6291df271,0.016049058717174006
ck_c4524993ec31dbe5,0.004358577226936695
ck_c457e9c9224b773d,0.0053099997985263485
ck_c478aae3031bb328,0.0047208767175911616
ck_c47e32c47f0e6578,0.18768158488516185
ck_c484c5bda389bf20,0.0017555270827139607
ck_c49832eabdac5bb7,0.003088957154225258
ck_c49b685d2b3ab89a,0.010821853916296234
ck_c49f25dfb39909cf,0.03362762807717675
ck_c4a72c09f2fdacc4,0.008884667602920004
ck_c4bcc7cefd40f8e2,0.0009635689025878099
ck_c4ca1434f3778f1d,0.9874358936128279
ck_c4cca8278bdad9b9,0.001286807078591365
ck_c4de808ae69c771f,0.0011640944345292887
ck_c4f4f28457be8a74,0.001163153266117766
ck_c50fed2a7c9198c0,0.012394026469649776
ck_c51131e53baa59c7,0.0038275662924816853
ck_c530235393360e3b,0.012060031577149874
ck_c5414d7a8031d4f5,0.004305522963879524
ck_c543d82e22b3c8a5,0.0014469988661227249
ck_c54643d94d3ce355,0.02661256900154754
ck_c54c5d8e4433b0f2,0.003680221321469102
ck_c5517923458106ae,0.009420954085427787
ck_c55afc68421d85e2,0.011221407878418436
ck_c56a44fe315c0389,0.0077773453468608636
ck_c58bafff7b1955cc,0.02831886311032223
ck_c58d9151834f5bad,0.024020061501508
ck_c5b0f0d4f1655a20,0.04241884846675179
ck_c5b583490198672d,0.014604969260014207
ck_c5d62b2b7a6f3bac,0.9780097102053618
ck_c5e4a17d3efb19a4,0.27655864894628424
ck_c5ece5ffb8800ad4,0.013996596725753176
ck_c5eefc0697451de9,0.05143159712922905
ck_c5f8ab515840a0fe,0.03997643669801035
ck_c6200734c7f9b2f9,0.9574351042286733
ck_c624b9063400fa3a,0.1211010295099858
ck_c646cdead6fb79d0,0.0131333819011751
ck_c67f7944896a0310,0.07827307318914797
ck_c69ef0f3e7d6acf9,0.11791025390563999
ck_c6a7bbd0adc4d5f3,0.031088469199750817
ck_c6abd5d57b1009d2,0.0023807359593780958
ck_c6afa913168ce8fa,0.010729722338901066
ck_c6b6ebe145a8ffab,0.005761820542818316
ck_c6bf67470f526771,0.06448967330125012
ck_c6cb651149dc9a8a,0.005703049427730237
ck_c6d2e11a368184e6,0.008121803649427174
ck_c6fbdc5ba68a8466,0.010522544111603539
ck_c6fdb2972417c9bd,0.052567184016497674
ck_c6fff412f531db0f,0.0006787376668297979
ck_c729d19053387be9,0.06049421918155435
ck_c72a7d0d03cf3e17,0.15102983996050323
ck_c735b643d3cbf67b,0.0052288064491638545
ck_c7550723b90e5615,0.005917619051353616
ck_c767fc454fa215d0,0.002617228651503726
ck_c76f1bf40f3b787b,0.0010153730882325467
ck_c77e22834ef97005,0.3327449478146755
ck_c78b2638fadd91ab,0.017911399450473094
ck_c78c096ca8cb33ac,0.0009422200652027336
ck_c7a9c7b2eef46a99,0.015227070343200857
ck_c7ae1d4b3ab38185,0.0019561699257006544
ck_c7b17f7b24bef5d7,0.03288818685326097
ck_c7baebe4549fdbb4,0.02781009163297409
ck_c7d444d90fa86d7c,0.665915563072482
ck_c7dd84401e29a7fc,0.001983957175686822
ck_c7e07ebfb0bc15f6,0.015776374063635416
ck_c7e129058beb3ac1,0.006211010241067422
ck_c7f6f45710bc050f,0.009646222133059129
ck_c8001bdb9aafc8a6,0.011498607864665849
ck_c802cf8f61466027,0.004187233975957257
ck_c80a94d4660041fe,0.012455527320229972
ck_c8131ddc7ed33448,0.00612837932480839
ck_c817259019588d30,0.04298148720857521
ck_c8198cb4c461304f,0.021612387032740314
ck_c82364d87875a1a1,0.014725460364338833
ck_c82897ebffb6ae66,0.014328782241632998
ck_c8307fecafa90140,0.02065791172106504
ck_c830f3830875b47a,0.023044359816481712
ck_c8413898f5f7cb7d,0.04467119879769014
ck_c84ef83489badbfd,0.02541067674019364
ck_c86520a00e50a926,0.06439382128722326
ck_c8791f7ebd4d93c7,0.019090290144979916
ck_c8806749e263f70b,0.0006411129784190146
ck_c881f26c9bf9ae42,0.47013038895354853
ck_c886adec7bac250a,0.020628580321714232
ck_c88fc1bac79fa6d3,0.08548674122219331
ck_c89b9ca398402f1e,0.009603039598515625
ck_c8a03c516ed5b05c,0.058420021124575276
ck_c8ad3f01319c065e,0.061797712747237145
ck_c8ad86806b9a2369,0.06137415164588524
ck_c8affb27ba7fb5db,0.06438985337158284
ck_c8b2e2cb349dd0ff,0.010388844450007153
ck_c8b7f241810b45e5,0.002324282779251521
ck_c8c1bf16d9113493,0.04339585689954741
ck_c8efa1538b37c359,0.005479232134898572
ck_c8f2a1dd8a6141a4,0.0014544009346727836
ck_c91a628236baf91b,0.13342636569238284
ck_c91b7fccf6aeb4a5,0.02274509602629788
ck_c920901b9a4ba993,0.9331256985394065
ck_c924f36bc1bbbaa3,0.007111199059568986
ck_c93def7392f0aff5,0.07821700095205905
ck_c9490cb61aff5112,0.013091142118815043
ck_c95c786d2f8b8edc,0.0056655877993768205
ck_c965fd6bec0f0ecd,0.03041255040023435
ck_c9690baddfc4177e,0.002956436009962819
ck_c96ae2c28086a059,0.053330014459104465
ck_c972b0e781efed3b,0.0015273253405881646
ck_c98b16f9a72a6568,0.001086396991651909
ck_c9c99e5b19aeced8,0.0024625490378042156
ck_c9d72140b0389216,0.01812643170970147
ck_c9dcd92b2f836b61,0.16878305177179068
ck_c9e1e3229baae708,0.03689105126010605
ck_c9eb4df91ff07f2c,0.04922908775183028
ck_c9eeab826781dc91,0.011423833407266036
ck_c9f9fddef39bc664,0.03612117582422147
ck_ca0cc8ea9f344408,0.002484108968446745
ck_ca10102961f99eb4,0.0020954919837435078
ck_ca149244b54ef3ad,0.0010801077045956987
ck_ca1f6f01868e978f,0.0263489603576933
ck_ca24bb0de508efb0,0.004135365690631028
ck_ca4465f2b5c1a52e,0.9723624877098392
ck_ca491debd3b32a59,0.03533169499287983
ck_ca54b32fca7e94cd,0.007669131102155536
ck_ca5b1057f8248f73,0.01778360161309716
ck_ca60d61cd4dc3bea,0.004583948698227194
ck_ca68dec0c7df5a12,0.0030967597158975367
ck_ca7b993e8286af7f,0.006307555459176959
ck_ca9d86f65cfdf018,0.010003900923104278
ck_caa348f0e65db062,0.9810819270907699
ck_cacc2ca410cbe80b,0.007646693255301224
ck_cb1bd7635968ed8c,0.13085789548291674
ck_cb1c00c300af3f9e,0.010078055946071985
ck_cb3a40594da6a2ee,0.06454263507365847
ck_cb42e3be6fe87f60,0.014013685517272839
ck_cb61902798ecc4fd,0.036355809162862865
ck_cb83b9f806e90dc6,0.15608027030312363
ck_cb8551453a7bb929,0.007277652695145113
ck_cb856e75c949b0cc,0.0004764032346622445
ck_cb88ef3dc1f42225,0.00481670265921333
ck_cba4162ef29a6d27,0.023741631130669898
ck_cbaf8a954281d4e3,0.9582521676859412
ck_cbe525da0b69f18a,0.014173095803445014
ck_cbe716f351d660d4,0.009166615486780614
ck_cbeca201dbade3e5,0.022544935649763204
ck_cc1c0b93d05b7d20,0.08495682552133373
ck_cc276f71ab6c08fd,0.06172681094193825
ck_cc3318839c4b0745,0.0024165598712151694
ck_cc447fcc24a0772b,0.11276483960576271
ck_cc5a35175d381d5a,0.008415704753939202
ck_cc6d33890d47a6cf,0.036770296585450064
ck_cc81dbc83a8879fd,0.004282339932053307
ck_cc90e219f1ebf390,0.0019468973013111006
ck_cc91bd7152d3e9ba,0.007310298869597386
ck_ccb3767c239018c1,0.0029538440961500703
ck_ccb4dd9d0a48a76e,0.0071668209951927355
ck_ccb72a33cc1877b7,0.010019867208777096
ck_ccbdfe744acff8bb,0.016771197662003457
ck_ccc7916b56d42195,0.002246634782599894
ck_ccc83cf66365357b,0.021216340063573726
ck_ccc917533d4b73d4,0.009122198998776344
ck_ccccb17d2ca6ce94,0.06973362882671492
ck_cce8b6657a538fe0,0.030109575085767306
ck_ccfc9ab888ba933d,0.0087039919311621
ck_cd09375e6c81d2c4,0.01721490767340033
ck_cd0e76f0e7bb38cc,0.023981110329994927
ck_cd1dc68e441222b1,0.9843357880250245
ck_cd32e58e8a1c0e85,0.011911664231941885
ck_cd4c63155570d6ea,0.0011581329119691615
ck_cd553ba6589d8bfd,0.006005476489214909
ck_cd655202db489010,0.004500751536655396
ck_cd691e3466fb3742,0.011007923163758664
ck_cd6fbd4e8724f994,0.02579400255959227
ck_cd78f0832a09bd8f,0.6286083246076799
ck_cd7d24e3b095e96e,0.11552534367633893
ck_cd7dcc884e283746,0.03039250735497666
ck_cd92852d7376a4a8,0.0018937435606760503
ck_cda72f597330d0f3,0.0033129682149821895
ck_cdabe60ab59f9d5a,0.003005425915457392
ck_cdb8061d8d1a6c5f,0.0013755772059210745
ck_cdc55623cb16e6a9,0.0026574849022339337
ck_cdcf6671b37c9c92,0.010814422733803637
ck_cdd2ebeec75bfa69,0.13016507130837432
ck_cdd7c77823c2257f,0.12659600514741234
ck_ce0166addb93bbad,0.0007760251930922919
ck_ce0ec41f96951048,0.009644281718421261
ck_ce1500a7f0d03fba,0.013839363744410945
ck_ce1b06623e4a815e,0.003133407018776975
ck_ce1e695884511479,0.04142284641929243
ck_ce36b0c287bd198e,0.026413847079101407
ck_ce5ed372b1a2ed6b,0.03331506748459093
ck_ce66831f6611014c,0.017556819688148453
ck_ce81ff9b8b35562f,0.0038496633724755926
ck_ce927322ef8f651c,0.021416275572410857
ck_ceb017baa26e98c8,0.046976742161386746
ck_cebb8aa8c8f62c60,0.005221200977426304
ck_ced6b6dcdc7c201a,0.011112917953159336
ck_ced9163ea85589ea,0.03541378668457324
ck_cee4e4e1b62bf82f,0.02978327052175708
ck_cee56be5a502fbd1,0.13722908349720836
ck_cee8d42475a0f020,0.011680437771779122
ck_cef2a485a77e0723,0.0012905511393747251
ck_cf2ca4f286e289ba,0.06830518271506096
ck_cf301f2194975866,0.006375774808184241
ck_cf36d8b070ded782,0.007185264444150287
ck_cf49b6544aff6c50,0.18197249829100176
ck_cf52e46fa54e4540,0.0028173583501126948
ck_cf59f4fc0ea690b2,0.006962127985146782
ck_cf606fd6ebfdf9bc,0.0037890501825184587
ck_cf6aa24b92c4d33c,0.5083723278938271
ck_cf78169633a1600f,0.0022891286899699736
ck_cf7a022178165e56,0.00496311647742145
ck_cf8ecabbc61d3e11,0.020274713079621802
ck_cf920313f6dd28fa,0.013997855625571525
ck_cfadd21458230ef7,0.012057043883721554
ck_cfb06f07394dfe64,0.0015374184652299579
ck_cfb11a0a2325bff5,0.00843324228643372
ck_cfc2384f22954830,0.05012489861840776
ck_cff18e2d8c520272,0.003240877903699915
ck_d00e09e66ed6458b,0.16425626755313083
ck_d021fd497ea35fb2,0.016168646474157947
ck_d064428b7e7dc409,0.008812759036387183
ck_d07485ba10514a2d,0.368686851634223
ck_d07bfb16a4a7dac0,0.9072029890341454
ck_d07c5b0321c685ea,0.23988441896453214
ck_d08e00c842b75176,0.012868638964941531
ck_d0935b571a4a3868,0.00922866294117179
ck_d0982b4e0e118e4d,0.012340232591702067
ck_d099fca88691f66f,0.028841971981612254
ck_d0b32e039abb8200,0.0021174766458925114
ck_d0c9633fed57c344,0.01228204991181634
ck_d0dc156441fcfdcb,0.01893171018213125
ck_d0e95b90ba86da10,0.015215394296493089
ck_d0f470f8078c91df,0.002154604889712208
ck_d111c98b36bdb791,0.0055559969540716165
ck_d1157eade2ac3975,0.07439168752721746
ck_d115ac6b9fd62a7e,0.004375502138492692
ck_d116e0e7c19b878e,0.6134181499813858
ck_d11d27de7bf0b973,0.3272099228954911
ck_d12d2924d0f7a64a,0.005890802504013328
ck_d17653a4a2d4a79e,0.024653957352425118
ck_d19bf4dc0627113d,0.0018579418956245041
ck_d1a1cf4cf61d6801,0.023486747032987268
ck_d1b0699d26282871,0.018703338853042678
ck_d1b9e5d32d2d789f,0.006293082011282673
ck_d1bb8890081e0a31,0.010909968213606989
ck_d1bbfd246c0ac9d5,0.04502675393907345
ck_d1c787c27d50af49,0.042821469338374496
ck_d1d079913aa158bf,0.006720264648949143
ck_d1e3de178601d3c2,0.05552685398282607
ck_d1ea4bcc407c7d5e,0.013916665847458787
ck_d1ed88ea4211ba4d,0.0011477879326702964
ck_d208494cf5c90047,0.06328947614971017
ck_d20d4ba60eec9945,0.005442193296280591
ck_d21612d48bb4f7b8,0.008492243595865718
ck_d21b38231a8a9f4a,0.06001188722405331
ck_d229cf7f5a3f38ca,0.020131660072613914
ck_d229dfa0e4442628,0.0006684737931286152
ck_d23f9a50d1135ce1,0.07476974825582242
ck_d251e9fa09e542dd,0.9950818412567142
ck_d263b55f0a681cce,0.017895704494200186
ck_d27a73596b6500c2,0.015414505095331961
ck_d27b872648b71202,0.012562831549372877
ck_d28806a2179092eb,0.998086352918221
ck_d288b77d1e227970,0.09427215471381162
ck_d2b3ce1ebabe9f93,0.018353449961886783
ck_d2ca47180a926ba2,0.004836355238276395
ck_d2d4282f9d256b3e,0.007812410625447663
ck_d2d4a8f4a9f2c33f,0.007422503105648236
ck_d2fbd0df99634676,0.02028031887625801
ck_d305b4d82f63f647,0.0038481417734023424
ck_d3137f0f7629040b,0.006483795814426167
ck_d321249fb065d2fa,0.04212396602767238
ck_d328db1e1052d820,0.012271154870117262
ck_d32fbbfe32c00416,0.01695976213639901
ck_d35c51e981b98c5c,0.024241696695768807
ck_d35e3aa9ef5d405e,0.10044783984757817
ck_d36733da917115a6,0.03188385595412418
ck_d3796aebda1cfed5,0.8739632173659118
ck_d37d56e931105db0,0.01198944678328584
ck_d3877e1f907cc148,0.04231917341400996
ck_d3885e286b3b11d2,0.02852764919492345
ck_d38f941d09eec820,0.01342473099530165
ck_d39864119cdd460f,0.006402528830727919
ck_d39b0152116203be,0.012604291932544346
ck_d3a2a4c011fa2554,0.0009538114823754117
ck_d3a8333cb389f4c6,0.004122642551002916
ck_d3b2b250da61db19,0.9313345686475972
ck_d3cfb3603f2c6ca3,0.03401849871945894
ck_d3d5b2717cfc3913,0.021979581444359953
ck_d3e208671cf37f91,0.8789578180039912
ck_d3e2c26b8adff099,0.016102288158771048
ck_d3eab7a06eb48348,0.028625785448036883
ck_d3f44bbe2f7e9b2d,0.015928232909937005
ck_d4007b5b26d9d854,0.0007225209805367051
ck_d44dc3839a195c8a,0.1407858047076004
ck_d451d24c780b5884,0.010530706456615416
ck_d4972a775aadbbc8,0.0062537635340687995
ck_d4b23804cebb045d,0.018523370654706228
ck_d4c1da5a1427fd6a,0.07363760233419817
ck_d4c8f0d957c3965d,0.04136795163309188
ck_d4e024fcda401a31,0.002329875981714568
ck_d4e0b2a12fcfc35e,0.0012628691185933264
ck_d4ec44760cbe03f4,0.023826797030240876
ck_d4fd0e438c97e0c7,0.013240092007575345
ck_d4febf0083800424,0.004923359257212356
ck_d5194f2e92fd6427,0.01360418317005235
ck_d51df5e9fbbbcc94,0.027328950204588174
ck_d523f0e50a2747ad,0.0020300166985073127
ck_d52432ed597f3cc9,0.003369057546351679
ck_d5458ba39ae94498,0.012517336795635827
ck_d546994fc5d3e9d1,0.009956316974810114
ck_d557b9feb241b3ec,0.001573101571135184
ck_d55eb81a4d543c59,0.011638160174616859
ck_d56ee1654378ffc7,0.018759680173168314
ck_d56fc799542299b8,0.0018691552512462102
ck_d58e058b5c553dd5,0.010555471633236007
ck_d598fe8d2c779ab9,0.009769294657135788
ck_d5b8e74e7ca6355a,0.01275992433516864
ck_d5bd8f68da073cd8,0.013866272468689074
ck_d5c14e877ca7b755,0.0037210451506069484
ck_d5d225ce41a1a762,0.03982411749129636
ck_d5eb179dc45394c6,0.025713900664856144
ck_d5ef1f6e34bb35b8,0.05678560575585427
ck_d5ef6dc116dee408,0.0150954425559978
ck_d5f5b0dc97b9dc27,0.024122716533822634
ck_d61c837b0106085a,0.0456199588777441
ck_d61d97b21002f3e9,0.05404332405188499
ck_d637a011332ba67a,0.009461376798581365
ck_d654449f9231ad76,0.0069724057570902335
ck_d66952b03591bdec,0.003356709347586486
ck_d66bb1f063357f99,0.005558169993855027
ck_d66d59981307db93,0.05476580786942633
ck_d66f42a269d5c1ed,0.10161818892041652
ck_d67d9dfb60b286b9,0.0012945678066807258
ck_d6880578428b965e,0.13473210296978885
ck_d68d42858a55adff,0.040997570471922866
ck_d69455220b21dc9b,0.0027322303701085063
ck_d69de468b44143ca,0.011706732545293457
ck_d6a290ff8362c7b9,0.07000895433691133
ck_d6a4faadab58a3de,0.005144011950953548
ck_d6ba7ffd2ae08863,0.013889810072575186
ck_d6d2c1f6dfc455b6,0.2712010783749956
ck_d6df562a79b9d0d9,0.01907634921858187
ck_d6e7e257751c299b,0.0018316885321642273
ck_d6ea026357ec6477,0.01147891783300039
ck_d6f27eacbad310f4,0.010802204426902558
ck_d6f5c8741697abb3,0.028989005454249647
ck_d6fb9cc5171e3e9b,0.9094977696559421
ck_d6fe761ed0db3270,0.027949940084831336
ck_d72035cb29db3aa4,0.02163566593944846
ck_d730ff21bfd7769d,0.029300919406201584
ck_d74123617f22a21e,0.01307010625181905
ck_d74a62ab3804a81b,0.011721321122222182
ck_d74b2ead8aaa3f73,0.0176770989913385
ck_d75f25184ece2b51,0.007153576723321726
ck_d7607a213b800bfb,0.031388230582705325
ck_d7792b429620fc24,0.003462203728433696
ck_d7877684c7923ec3,0.006796860914305522
ck_d79bdf04d6f31cd5,0.0051272868276071295
ck_d7ad9921a4d25926,0.03560223559415421
ck_d7c28eaa05bb7144,0.009011483105465396
ck_d7d50fb57fcb2d0e,0.0019619711088008297
ck_d80283209c963f11,0.015166653584900618
ck_d8116c34302021d7,0.0028807404969875368
ck_d812eb6930192793,0.005178396240966233
ck_d813e15ac91f487c,0.0601840522437226
ck_d838491d3d4f5ecf,0.003917976874097373
ck_d839798f9520363e,0.1459002303347857
ck_d840db8cfe2ef6f1,0.0017012180616529367
ck_d841eba8906e9a15,0.01215393856163042
ck_d84b5403da4cea7b,0.030262325401058807
ck_d86ccf148c06c8c8,0.021731702201588224
ck_d879d645d6e44207,0.013273074309745008
ck_d87ab3261322216a,0.0008162026663645328
ck_d87e26eb5bc84b01,0.0007530938389549007
ck_d89abbab3d4957aa,0.009124856638173692
ck_d8ddf5e99f7859e4,0.011618969038933726
ck_d902183f80cc81fa,0.08332908175666903
ck_d90b1d03ae151f62,0.01799531474530635
ck_d9143e236eef177f,0.018364451908941693
ck_d91ab840848a54fc,0.0007849928924187904
ck_d91d9f8445b9769a,0.23414004369917832
ck_d932f98bf6b83956,0.06741710480703002
ck_d94dfde9e03c9d1a,0.017486554108743262
ck_d9506476ad3f9e08,0.010429499592052765
ck_d9573100bbff4014,0.20150710820423523
ck_d960af7a55b892b1,0.016619196439601885
ck_d96c893721385e4e,0.0021661484830232947
ck_d96eb3cc55f2772f,0.025840341155601628
ck_d973444855403e2a,0.016083175044300055
ck_d9735647a6b0b0a7,0.6245074787962757
ck_d979ef95ee44023d,0.025359646416362264
ck_d98934f9fe0b02b3,0.00333458081641526
ck_d99a8b4c820eb46b,0.0063039669712448695
ck_d9ba2a6c0d926b4d,0.007922495691337343
ck_d9c2622cb6df380b,0.005951750107550855
ck_d9ea77f4114a389c,0.004901146478474219
ck_d9f8efa6a7800f76,0.004703830388144077
ck_d9ffca35188e49d8,0.01389626306960299
ck_da06d97db0b18851,0.00101996180260716
ck_da1a2450219dcf19,0.05569112156264504
ck_da1c853b0a061e83,0.040619483553496295
ck_da2729307af06ed5,0.01337201825838053
ck_da3526ab6c5c884a,0.013598438858111978
ck_da39653add0f1109,0.00672453163489751
ck_da59ab47cb6284ad,0.001653114173750396
ck_da645ea91d66aa6f,0.19749590718524618
ck_da6d1e5cf6aba6fd,0.00833718238338223
ck_da84a0dfe947fd3c,0.008323568455697549
ck_daaa995f3c2f0e47,0.07486253212081714
ck_dab34cf6f0626c9b,0.014795622074000678
ck_dac3852758f4ea89,0.008552224031995676
ck_dac7c50bd6d0148f,0.006248184346893283
ck_dad5cf32ab9f243f,0.005228702402329854
ck_dae09c4e074af5dd,0.025554254123098367
ck_daefe1e2d2bc362d,0.004722899660106077
ck_daf7aea023b7a8f6,0.014067511911110634
ck_db1fa53d588bf99e,0.014238317474162591
ck_db23a0e3e54be60c,0.5494478304931032
ck_db23a5100f338d72,0.02251723210864623
ck_db2c0908150cb2cc,0.03783010606899341
ck_db32c95ce2b6f502,0.9326909467030324
ck_db4083a0d043def8,0.08771279705196162
ck_db6d1c6d31da967a,0.004960651558297722
ck_db8733fd92f20cd7,0.031294902112213495
ck_db906debc36a5d1e,0.040284250537686445
ck_db9b9d5d30f74070,0.040041918211482244
ck_dba767885bd6ad69,0.006680817292193578
ck_dbb498b1a346a402,0.0031263192958498054
ck_dbb4bd4eda97255d,0.02588330641566648
ck_dbc487cb0a6c18da,0.9328406373501774
ck_dbdf8d0708cc6718,0.002510016658311374
ck_dbe58392635133ca,0.028996954312943742
ck_dc16f939c2f44ad8,0.07410323900631324
ck_dc3d8b5c17b67ae9,0.002230871566798284
ck_dc4db8b932df49de,0.08901966297427749
ck_dc569c1167ccec0d,0.8451038985312022
ck_dca0b6ca93311ca2,0.1672596691609021
ck_dca9dc465f759db4,0.004328622426337716
ck_dcbab304b55a42c7,0.013565096983142587
ck_dcbe6814fc4ca0b4,0.04890899538899607
ck_dcc125b178b79566,0.001428819300604448
ck_dce1fb3acd65562f,0.003131045804745639
ck_dceabbe04d99afc2,0.0015185300087606501
ck_dcef7887a4f1e435,0.06520843627012898
ck_dcf851e7bb5855d0,0.0007436852559733854
ck_dd0e17605f970319,0.0338701625992436
ck_dd1c490050cd9051,0.019527971782104497
ck_dd30558576b45e7b,0.014472608774725504
ck_dd34f0a844fb115d,0.05046057667972061
ck_dd3feb77d7d4f6d3,0.0076986229825169086
ck_dd78cb6ae2866cc6,0.010647538513407955
ck_dd882323474431d4,0.06995719054161917
ck_dd89a282375bbab6,0.03471369132711651
ck_dd8edfefa1eba531,0.0022900011408352535
ck_dd97429277a2fa00,0.05543315309265283
ck_dd9c5f0c42878e67,0.002098677227907424
ck_ddaf228487858bb8,0.03960601796866384
ck_ddc11fc481eef58d,0.02432645345395484
ck_ddc3fc99eaba2064,0.029602329463274617
ck_ddc7c1f3d45fe6e6,0.030185433762826175
ck_ddc865af1dd5670e,0.01921358103848635
ck_ddcac1ab765ff61a,0.008238012598293935
ck_ddd65711b5651f89,0.0020846610233273576
ck_ddd6625c5eddad70,0.0016164151261546732
ck_dddd14091ce812c2,0.040053346667292794
ck_ddf787359d2b5deb,0.0005974459631790332
ck_de056e37c82e8e00,0.013581375466050212
ck_de05f97c3d40dd1b,0.07144412540340152
ck_de13de941bebc7cf,0.0009633963078924697
ck_de2924955926d046,0.03408732005944121
ck_de39c1947fb675ee,0.0545195805765005
ck_de436e7b319be1fa,0.9989106588442818
ck_de58ef6f9fe2b546,0.019357458402915587
ck_de5bb7a4d091386d,0.2294419817361785
ck_de5eaa2cdbcb67ff,0.1098689184951903
ck_de7259c3741db179,0.0187629386805589
ck_de8494b13adeffb5,0.007331161299714787
ck_de8af660806b97b5,0.0006769292185615825
ck_deb3ac0606d6f6db,0.006980626533122092
ck_def344d68f06d749,0.020643927742084952
ck_df0a8f20ab8f14f4,0.030223147082217593
ck_df1585c7d72a96e0,0.0021535580774153604
ck_df1a6edaa3e6b271,0.006914768822810745
ck_df1f2dba802296be,0.8348468282946725
ck_df20cc23b8fb8e22,0.023859742711881165
ck_df39e3b8a9fd0bfd,0.6262954131838266
ck_df4424f6dd85080d,0.0888192006603963
ck_df520a7a6e405889,0.01977617667990629
ck_df5aedb4118020bf,0.9725218650794937
ck_df65967b8b40319c,0.0038789104928747343
ck_df69858b8a8b3165,0.006589764710391628
ck_df6fe4ec5a233213,0.002751382168681909
ck_df87d6f61a63eb21,0.008190894863886721
ck_df8ad2deb0a4ffed,0.01317143576248861
ck_df935d8bdd44883e,0.012284866567865411
ck_dfa0ac11fcb1dabd,0.0038451652006063737
ck_dfaafdaefa5716b6,0.0505830861139746
ck_dfadff70a58a9133,0.00087502737260275
ck_dfba788f35d4c372,0.009253803145255531
ck_dfbb2056f1ef7d3b,0.015700747948514705
ck_dfc6f5712d8d6678,0.15822359842480269
ck_dfc8f5c141fd7c63,0.003350621194238567
ck_dfc933493561d84f,0.029842505962999092
ck_dfd3dbd0d97a642b,0.005032890316754148
ck_dfd4e79aaa967b63,0.0058670073993157285
ck_dfee9de05e3971cf,0.0055262082337258775
ck_dff090f03ca5529e,0.0018064942503398464
ck_e00332597cf1eb24,0.01220866353982152
ck_e007aedbf37d6ec7,0.007587547872383105
ck_e00e82a9419ff086,0.04491287468752474
ck_e013d88ea7939616,0.011923203302475996
ck_e0171f91cb3411fe,0.030892219982480675
ck_e0239e6ae30795a7,0.004425387847529951
ck_e02f93f51cc8caf3,0.002327887050773081
ck_e032068be7b77d15,0.020347374666517322
ck_e0346d5081e640e8,0.04427377257098384
ck_e03a9d8ac94161d5,0.004551498919125038
ck_e03b7d0fa0b28f4b,0.0034927597203416273
ck_e0403d507519b7d2,0.004409213178352215
ck_e04166b0ce66393a,0.016107710038460996
ck_e0571312f395cd94,0.0143008527091433
ck_e05d44e46c7174e6,0.019924570091189215
ck_e05e91cc180063d4,0.08282201233685656
ck_e066f71f8b296b7a,0.0033208004308715434
ck_e06f6fed020ae014,0.028406714918140598
ck_e077d004cd1d80ae,0.004951908900894822
ck_e07fd57565c94c28,0.07969000532628798
ck_e08e9c8ec5f23d8b,0.018988309319569803
ck_e0983999ca26c19e,0.04779670820046113
ck_e09c97520eb0533c,0.01766876264319589
ck_e0b3158111370118,0.017277349994069144
ck_e0b7e2c0bbe228d9,0.0014610631340439431
ck_e0ca2c819658f6b6,0.9831473243525081
ck_e0ccfa0d689339be,0.0034982962472974123
ck_e0e90b196bef3c11,0.004613637948429857
ck_e0e9cfabb979f428,0.006492482627256891
ck_e0f3ea3373dfc4aa,0.01723245202678528
ck_e0f845159b6e6a4a,0.00924757096697755
ck_e0f9506a6d5f4a1a,0.004915645865692638
ck_e0fb11fc9dcb34e6,0.006843424100471244
ck_e107537a4cb738f4,0.012348531314026518
ck_e10ff5c38bd18470,0.02267805164920853
ck_e1140be6157bacbe,0.0009904420002594338
ck_e12a9f7d027e3387,0.017616755037290224
ck_e136e20c1c74fe38,0.004254599462814356
ck_e137400825a1e3e6,0.013728994797600707
ck_e14681aad43e1a72,0.0173777893959413
ck_e14892e424180549,0.012040521306531226
ck_e15252ebd7553422,0.004905283161329151
ck_e155cf506b2fb699,0.005482358526662895
ck_e15e3390f5ed45f3,0.0626642793633862
ck_e16528edc694fb33,0.9034724498775545
ck_e1790b3aa2241b10,0.9598906622146657
ck_e18ac29ea62cb435,0.09472440992804246
ck_e1b1e7a7e4a15b3e,0.005681856978445548
ck_e1d563fab4d6116a,0.006293411571080411
ck_e1d5ad20c737c745,0.06787034042151907
ck_e1ff9e31becc27ae,0.04243292884533332
ck_e21a900556b382ad,0.013254997069894477
ck_e21f9f96f597695b,0.01219129756943782
ck_e2374c7136c964fd,0.04769338749430866
ck_e23e50e02cb3904d,0.026296523686538894
ck_e25f70d0b7229420,0.013292199494209957
ck_e267999226b6321b,0.0031452414205750154
ck_e26a6659c237b650,0.017704837030791648
ck_e291cc60920456d0,0.17599712566098663
ck_e2a1068c2fa22525,0.03502406836733178
ck_e2a2ce9b8cf44c63,0.01095833591532374
ck_e2aa7be60794593d,0.11674341183814649
ck_e2ab04136a442a98,0.009059345799735968
ck_e2c66c72cc0b0f78,0.148661442982849
ck_e2d1f212f259539b,0.008421092373136341
ck_e2f792fae128b18e,0.14860436223261037
ck_e2f88e202b6f700a,0.02133676569730988
ck_e30cb64302939f38,0.06074566962819496
ck_e30db36e376606f7,0.14973592429560617
ck_e30e17db5473c7b2,0.0024077081567431056
ck_e322da8b213eab52,0.0043948065460976135
ck_e35a4b4a3cb4cedf,0.02901085652999086
ck_e35b2ed08b9e55a7,0.009265215374401264
ck_e35eb857c61548b2,0.2941981029130536
ck_e36c8da1bd359960,0.047731364824230196
ck_e37196b20968b73c,0.011594975954895472
ck_e37cee7b123692af,0.02555085293600324
ck_e3894ed88a7977e4,0.004321237513548552
ck_e3982142336782df,0.0820696256584066
ck_e3a22799716df39d,0.002119372336322127
ck_e3b3c5a80a567418,0.002065021248800408
ck_e3cb5f31d8e94448,0.9683561950460443
ck_e3d4b6f681c783ab,0.04385637687611034
ck_e3e95546a84d0ed8,0.028509865729089975
ck_e3f1d85fa5d49396,0.020787894868108628
ck_e40a156511345d6a,0.003019104825696597
ck_e42206e91f6a1752,0.003829442629714284
ck_e424148c6f2223df,0.002961007755566464
ck_e43e53cc7b8b8e41,0.013540455792410904
ck_e4459115cd8e5e4f,0.005609846719348835
ck_e45012f22b7f91d5,0.0017567671307215794
ck_e475a3b8ba870a7e,0.00597783920981221
ck_e48d14d5b70ef5aa,0.014854519823662874
ck_e49b5e4f2f2e79db,0.46451825898948634
ck_e4ac22046699b99f,0.012976217332071436
ck_e4c0fc52c82065d3,0.015109045744112525
ck_e4cf189a8d31649a,0.007488048898607109
ck_e4d0a9e1102a58b5,0.010612551025597583
ck_e4d6dedd97233c07,0.06373159219422349
ck_e4df7faacdfe8c40,0.048686636425346076
ck_e4fd8cbd842b6993,0.0036224365243630297
ck_e5018f9418e0102e,0.05550076684706659
ck_e527fbb9450a4581,0.8860211246443385
ck_e52cbcd9aafd26b2,0.008175725235948424
ck_e535fb0f0c00418d,0.04161284302820397
ck_e541967c681cb929,0.029092705044903192
ck_e556c4d36aadbe03,0.004568019528854417
ck_e55b7fa67db1ec27,0.0010957291309667983
ck_e55e5bdfc0242aef,0.05938978753891193
ck_e55f5ca37f30ce8c,0.01502853704573504
ck_e560f720a988d8a2,0.192827085670198
ck_e57b94fe57341058,0.011253321339491104
ck_e57c79eaab35ded7,0.005534821041012488
ck_e5c30947b732f661,0.0524417413176393
ck_e5ca550b39ed45bf,0.49680488393904765
ck_e5cdbe3aa12c97f6,0.0030222794520540545
ck_e5cdbfcca2456652,0.011727678026500533
ck_e5d1462846154a75,0.02058716203605455
ck_e5e2624b7fc89774,0.04672606778872921
ck_e5e5dc431bed6f9d,0.005418235396690711
ck_e5ece47d0dd10526,0.010721839303756602
ck_e5ee006ecd8ff661,0.03544664533503752
ck_e5f5cb7dd6ce4a37,0.009241622590149675
ck_e5f7b99ba6ec5767,0.02105269194952595
ck_e5f8c8a5824db594,0.005380489869713386
ck_e61c8721e3ef1921,0.009073372024152593
ck_e6222925762273b8,0.029841336217040566
ck_e62eb708d2688fae,0.030262337628635172
ck_e63256667aa19070,0.0992590033580922
ck_e6465c56b337e6c2,0.007603532521827736
ck_e64f0df63e1be595,0.06202022873975014
ck_e662b14b2bab23a2,0.09794205833853889
ck_e666629e5a41b39b,0.00313336924031854
ck_e66ae4fd586fedea,0.014228792439309431
ck_e679fbf4f4f4aa07,0.003212974824677013
ck_e69195a3c885053d,0.0010102773581098067
ck_e69d27e8965df0be,0.0013118023113734523
ck_e6a6caf6e7de17c2,0.00717965453578905
ck_e6b95ff91116a592,0.005862854059857475
ck_e6c584b4b1ad6d9d,0.007883769290039047
ck_e6c8611c0cf233d7,0.0026551815102535225
ck_e6d3ce445b86003f,0.0010877494945696847
ck_e6de67c0d82a7b83,0.035923275327027035
ck_e6e7257377c37b28,0.047194838484238104
ck_e6fecb82fc2a82de,0.011601557907080217
ck_e6ffd0754ac08661,0.0012727007987874772
ck_e70418b00cbbbac9,0.048918096636959896
ck_e72db9d4b2fc9997,0.9685162648360509
ck_e738e920bbd74a7d,0.036640598142428045
ck_e739eaaa7a1822f2,0.03194645034001818
ck_e73caa3771ec5e0f,0.0032521865936376185
ck_e74716a525ee5b24,0.0012069936982030277
ck_e7501307c0698e5b,0.03394310348264196
ck_e76257caa98dc25d,0.9243423089586214
ck_e7651fb87bb24132,0.0022457769204752647
ck_e76db7d2562f9836,0.03701385213822215
ck_e77529651c416cf7,0.02589104794271867
ck_e78ab4ff52b5fd2d,0.008984054207502557
ck_e794741742fb2619,0.021277031703173823
ck_e7a3881c3e36bd51,0.6081514624750657
ck_e7a3cfb9bf908e80,0.016089321168478627
ck_e7a530e09d113dd7,0.02400299564430513
ck_e7a6b925c8f39a85,0.028382246763908676
ck_e7b4016909405981,0.0023907340943121586
ck_e7b40b60786c1530,0.004737725334944407
ck_e7b583acaa3171a2,0.0889839539968934
ck_e7be077aa0b2632c,0.004630135049608652
ck_e7c212f16d6df272,0.014661193779614001
ck_e7c8a9e4641eb9ed,0.0012354357499130234
ck_e7d903c50d353361,0.05779488535623657
ck_e7dce27edb700f27,0.013811131611465018
ck_e7f61b4a39ba98ac,0.004192984537432129
ck_e80883208e8d0453,0.016615848974849
ck_e81fc223bed3c46a,0.03823781519241118
ck_e8298ff2dc1e9d50,0.0031545263349490216
ck_e83409471d2b0b44,0.023703095074514284
ck_e839d104854945f0,0.0022497462342970995
ck_e842fb0cf055a83b,0.038613355392285026
ck_e84abfc0c747c9dd,0.918415792638743
ck_e86ad2fe815b6ed9,0.008391366374135695
ck_e87897767c612942,0.028404662646394924
ck_e886ba71d4a6fd73,0.022106504709627457
ck_e88e86b19cada4aa,0.009728739424789865
ck_e89d25ed7bdeeaea,0.007018270037919827
ck_e8a6acea22b20312,0.10263865750437591
ck_e8b5bfa6838e28d1,0.01844217887091785
ck_e8bc49e6494c1f37,0.0037944528422098945
ck_e8d37262e859d9a1,0.013663084296308282
ck_e8ea56e122a5a487,0.03534801572957934
ck_e901dec0e09eccbb,0.003204018816348941
ck_e9047964952bee70,0.022560422877355556
ck_e914974cee1bccb1,0.0157399545490169
ck_e9287b6d909d731f,0.005526113895754391
ck_e934f984bad2ff91,0.22433019860698675
ck_e949a0f4df0b3902,0.06138992155824982
ck_e95c8cc1864bd584,0.006868086370973173
ck_e963d8525018d072,0.012705562713574987
ck_e967ff05514b697b,0.0630697754216176
ck_e96a5e1f08f8a867,0.011651910796300383
ck_e971faae8a10a260,0.0039028433471605603
ck_e975002c979e12c7,0.0557038011899224
ck_e980d325b8dbb8dd,0.00019958003320210638
ck_e98429675b46272b,0.01683704986926539
ck_e988c108754cee9c,0.006880551747437735
ck_e9a2495dea8675e2,0.01756617809225473
ck_e9b0bca7368555ef,0.004319542873685911
ck_e9b75ed7567a3f23,0.020743570868543174
ck_e9dcf535f8c289eb,0.11061070851214769
ck_e9e3381d5e0e5051,0.0023602593199643393
ck_e9e8cacd2fa35e79,0.017520672094411233
ck_e9f228845bf6e28b,0.05560223878154
ck_ea1e5b5128ecba2c,0.002128165655023207
ck_ea269b35406473e8,0.002603070596465452
ck_ea2a83ccb8d57490,0.0031906591248578677
ck_ea4332c8fe48e2a3,0.006302988261762082
ck_ea618f720ff0b4b0,0.006468251903282775
ck_ea623358f704daa7,0.1592007796158314
ck_ea62ebfc1f04b49a,0.01041703247567999
ck_ea819e337233475c,0.41890058783108375
ck_ea835557d7043667,0.033931140682980435
ck_ea9edf9c107d429f,0.012072877551488208
ck_ead68310311690c8,0.959376819326469
ck_eaebaf4d28400fb8,0.0199137665444514
ck_eaec5f1a83b66eb0,0.3507517833422289
ck_eaf3b6d11bc3cb11,0.003350142238166438
ck_eaf6f7082c3db2bf,0.02638307219553893
ck_eafe9b89857149b5,0.013028804739228
ck_eb1006e7285184a6,0.007749237940105713
ck_eb1ddfc353b4da83,0.003567313152896252
ck_eb224c0fd146253f,0.04551406927510601
ck_eb2323215ff70362,0.060831413184515064
ck_eb264d1b180d4b4c,0.07205670921863742
ck_eb3fb1106f2f1b21,0.038993398101545555
ck_eb48c0bcd12ea654,0.02253353539129552
ck_eb4f4267e24d042c,0.0067531086740732806
ck_eb6baff0f85ba936,0.005320356739151535
ck_eb9f0c06ee017ee5,0.01349650766591708
ck_ebbc9418cd41f692,0.0014577345131544283
ck_ebc5a2c6cf88e252,0.032523112842593994
ck_ebcb93a2990fc914,0.041371909173051113
ck_ebd0a45712dcf07a,0.023620086345204027
ck_ebd178b3f3a9c50c,0.031408032345631255
ck_ec01ae5351500355,0.0029948419181265716
ck_ec094eb1cbb3efc5,0.003469580490806589
ck_ec1c902b9b9b9c5f,0.069236085365007
ck_ec26e327cc1848b2,0.002971183482364557
ck_ec2eee6a133e9a6f,0.0934491788137337
ck_ec30b61cbf517db8,0.0027370763122247527
ck_ec3715add8bbb6e9,0.00173980414394436
ck_ec3d12848ced99f2,0.005215575916905827
ck_ec3eb6dd0967cac5,0.0918120043328183
ck_ec4dd3675a8d28cc,0.017549130404935852
ck_ec4e597f17f473c6,0.002157229399172991
ck_ec5ea81cf813597c,0.013136990821467222
ck_ec7406cb5cbc8f10,0.005588336687325586
ck_ec8738ec663cd2eb,0.013694218062583585
ck_ec986285fff05b7d,0.0045871906882945165
ck_ec9976cabc63ff92,0.0031020299419413735
ck_ecaa6de0aca5e9a0,0.06191698462355806
ck_ecaa6f13304e3dc5,0.002358280124674791
ck_ecb1e15f0b185ceb,0.053510448667595564
ck_ecc18f40b33be769,0.04828886832542325
ck_eccfd552aa652d3c,0.016664884906876887
ck_ecdd01a391610d99,0.005885638042152439
ck_ecf006bbc78ee3eb,0.1184343605901734
ck_ecf9794349eb4b3b,0.0519315976971395
ck_ecfb771ed2352085,0.009375162747026832
ck_ed01be7504dc4187,0.07813556755263149
ck_ed0c4a83701ca230,0.02642173017648309
ck_ed0cc1b1c28f9511,0.032512662033917034
ck_ed0e776c0926ce67,0.05664713040640122
ck_ed26d906883bea0a,0.006845518341017716
ck_ed33f8a937f9c7c8,0.028120652160721106
ck_ed4427962c68918c,0.9135462034589658
ck_ed471e496916ee15,0.0051918772978823
ck_ed8f1200fc049c40,0.9386246512248014
ck_ed9c56fdb9f45ddc,0.44680303170335645
ck_eda55c8fb47593d7,0.011511646529504947
ck_edc9668282e3c8cb,0.02307178409460351
ck_edccb5a93b741744,0.010826294701266118
ck_edcfa9e1cf29d813,0.016721266697336486
ck_edde1d7d1db24725,0.013647901777222896
ck_ede2e887697ffac0,0.0026108533809257365
ck_edf1096809e83ef8,0.00044618651258914805
ck_edf229c17d25dac1,0.10157232646320649
ck_edfe8e90e8f4366e,0.0067152862533987525
ck_ee13c091bc379188,0.037232930188339404
ck_ee387f9da79e67ea,0.020281399175803825
ck_ee3e7c9d3a9c74b4,0.04739732585247551
ck_ee40498cd97183d3,0.029238948223831048
ck_ee4d9a7449515908,0.002818503353797493
ck_ee4ff3aeadf912c1,0.004707933799671803
ck_ee52c7bf88f952ab,0.007885423637952593
ck_ee535461b5f05539,0.15597316342343423
ck_ee53ce862bc9c111,0.04666881127422411
ck_ee7a515e87d17d4e,0.028825337026075953
ck_ee949c71f4f702eb,0.9719431194777683
ck_eeb75f8a6439f65e,0.03476819558279213
ck_eeb854318b3a6f0a,0.011367252453465227
ck_eeca179341d56f8a,0.7922809589494327
ck_eed7f1f7548df15b,0.005490721513615798
ck_eee99af3598311b8,0.03964012346371692
ck_eef67f8dea702338,0.15264663985108115
ck_eefcf0ed15897898,0.005059362828126049
ck_ef059997563e3330,0.0036012629976964173
ck_ef0d702d7b0ed745,0.0025711037226151877
ck_ef1a1de20d2124cb,0.0665449043879564
ck_ef261fc09be8eb0b,0.0018705681308020556
ck_ef307a6aee38d1fe,0.7414980440114171
ck_ef33c04f4c9e3758,0.03818055952700342
ck_ef346071f0b7654b,0.017625843648222197
ck_ef6f8e048ae1bd4b,0.0063792806194823
ck_ef8a6af43fedd464,0.0016348773135158375
ck_efb24be983342f75,0.012271009069354449
ck_efbc79246e32c66a,0.10886841378704026
ck_efbdcd9c181e72ca,0.01900426312171858
ck_efd7b9e22c6317d6,0.023672977830531374
ck_f0093064aa28f4d0,0.039600033144230794
ck_f01af1b0c977cc06,0.006893018134605286
ck_f01be92dc78a2dc7,0.004064582039992207
ck_f01e94331067edf6,0.008999358936255444
ck_f034adb57391f3d7,0.04611652753926079
ck_f04040a830f92bac,0.008211311482703366
ck_f04062216f95fa00,0.024430314910500683
ck_f0424b3b36bdbef0,0.055511011032277964
ck_f04761b4a937ac3b,0.016032870797413994
ck_f04938570a154de3,0.011323725531192395
ck_f05f5e4b40afa52f,0.053320247719657855
ck_f067470743d3c7a2,0.018442337883842065
ck_f06d00a4f9c87d80,0.0008717888201572268
ck_f07b09879d697b82,0.002440875745606771
ck_f07e27d125497b66,0.044347794574657595
ck_f09165d73ee903b1,0.016163035785777078
ck_f0982bbdbd122f91,0.006687116353593196
ck_f09f9d0e0886e0c6,0.009218279223580142
ck_f0bc3bdee6bfbb94,0.020750919743269505
ck_f0c18cb9f951a71e,0.031155654956244103
ck_f0c44ee5e3a42e3d,0.03216815625989237
ck_f0c4aac04076a6dc,0.02001417247597618
ck_f0cbd5383bb07778,0.03798217018263987
ck_f0cf85b67a9b840f,0.011954777107552888
ck_f0d349d68249d5db,0.001707431543099028
ck_f0d6633d0834fff5,0.07819353942197631
ck_f0d806624ef3d359,0.013089254300570827
ck_f11b1565f986f5e3,0.027812617628112955
ck_f11be8ce05382cec,0.015949241276386385
ck_f11f7691af16ad07,0.005394362471312918
ck_f143641bf3dd0414,0.04773165627502961
ck_f14dce41036486a3,0.993642000236074
ck_f158d9e5f101bb35,0.01545631534004941
ck_f17ed7e0fd687742,0.09906117020174013
ck_f19030e6e85a6776,0.056898780292144076
ck_f1a9d832b700bda1,0.9792877277329207
ck_f1acf73363925958,0.02553834909184259
ck_f1b80b821a20186d,0.012185583094593453
ck_f1d8a2695a575e56,0.006706752682914343
ck_f1e0a006068aff29,0.010876828859641264
ck_f1e1c8491f16f912,0.004825742118327972
ck_f1ef5cf7f10b16c8,0.023405286766065465
ck_f1f2c3c623553f0d,0.0004751828020542504
ck_f21efd504faa654c,0.01524998691195786
ck_f22aacaf86a65d7e,0.0890447774621049
ck_f234ab47061ba7c0,0.0017506438120828425
ck_f2350bf355dc919e,0.007870441747540362
ck_f253130dc3ca5b3c,0.015332221469346369
ck_f268416945316815,0.008116315385573787
ck_f271e855925e8d6b,0.13024964775874665
ck_f2734417c0db4ee3,0.0016861774370079618
ck_f280d31f54a4710a,0.010001889775485431
ck_f285e5e1912a7c62,0.005537654186271463
ck_f29471fe7c818d6a,0.006623374085588082
ck_f29dbbfdd2786bd1,0.007918242260576676
ck_f2aa1b677619ab19,0.008101910448063989
ck_f2b0e7a47f442557,0.7907903476255643
ck_f2b8995fe5402759,0.009579552565327004
ck_f2bdcfb4203ffdee,0.03045842398237689
ck_f2c33d5b65b321db,0.016728191638286496
ck_f2c7a4c50e2ede96,0.01698342277022424
ck_f2c824d3473db24c,0.009372050742603444
ck_f2d3e3d90608596d,0.47767793374752954
ck_f2ddae2eb1cb29b4,0.003186703634394259
ck_f2ecab85d4693b4e,0.0034673168384534055
ck_f2f3cf9cd23b2809,0.03503735865174559
ck_f301f6758e170d66,0.014949382497135257
ck_f3199fbe84a28b9a,0.027121238717864274
ck_f33188c232a03526,0.22940408024550848
ck_f34c93a8173555b1,0.06951835615080065
ck_f34fb7ccf82f41e5,0.004193240682085477
ck_f3996a3c8eea1ea0,0.014620785506690633
ck_f39cfeb277ef6528,0.0018348170359637679
ck_f3ab5dd853d38252,0.024418515957853944
ck_f3bc10e3decefce4,0.004295681779749402
ck_f3bce4eccfa6d6bb,0.009651905962295662
ck_f3c16d8f747db046,0.0395013207886612
ck_f3dc0725621b3a35,0.0019609912348173774
ck_f3dcd818db92de7b,0.01224836809625003
ck_f409ff994a210601,0.03232036901216808
ck_f42a43e4c3f34ccd,0.0010667709185029025
ck_f437a53fc832ec95,0.809264967160068
ck_f439f16f8693883f,0.009022161568509072
ck_f4536ba8dd2d551d,0.009567307779197688
ck_f45bad1606fa00a7,0.01687811314270278
ck_f473a03fbcdbc4b0,0.00891433318073492
ck_f48acb73a5d6af07,0.03281835236754613
ck_f4a2bb10afa85743,0.003253379368192251
ck_f4a6a7cadd6e0603,0.09640930033991758
ck_f4a7ac178fd55f0e,0.013760124066313849
ck_f4de03f44e3a5bd5,0.004403902055018376
ck_f4ec334be5266378,0.011654244322885648
ck_f4ec4a935e51b4db,0.017604160701267375
ck_f4f6f0caaab70040,0.0013903767914284595
ck_f4f83b1403ebea46,0.013897853070549691
ck_f4fe78e249092ab1,0.027864187421094838
ck_f5100511609b92c0,0.0008529202763418075
ck_f5178a658225d8e4,0.0021515553022995845
ck_f517f06551e69507,0.004510881293788354
ck_f51fe59cd445d2cb,0.006798045725856972
ck_f538ab6aecf2adfd,0.00045715688342124616
ck_f558fe02bb0219b8,0.01854838100202685
ck_f56073911c9f1ab7,0.002200768472321535
ck_f56200205280bddf,0.04829952882262745
ck_f568772b6cb3febe,0.025104203554633154
ck_f5791fd8fd8fd191,0.03672785381247007
ck_f5882e6f98b8b4cd,0.0019296395880597126
ck_f589f1e29301b5fd,0.013127659038281649
ck_f5a32e6160b28379,0.007305221286262183
ck_f5adad75e1c06731,0.05598429320123835
ck_f5b1200dc6f95760,0.027473507005371926
ck_f5dde68f6f0468e1,0.0011992543379177175
ck_f5e02a3432571b20,0.04430697616359853
ck_f5f87f772388efa0,0.02327353269798033
ck_f637fabf0f60528f,0.00797521589170906
ck_f63cb5e8cc702bad,0.012302750093809873
ck_f655399ac75c4450,0.014917271814121957
ck_f65ab819373edb37,0.018303953730988056
ck_f65e5ff7da565f91,0.01461928499889123
ck_f66f06e24ff32671,0.03204971554792554
ck_f67ee7910d532216,0.010812901400125752
ck_f6923088c17a04e2,0.08125351834304681
ck_f69e93388b3028cb,0.2829192340330427
ck_f6a4a7ed27fe76fc,0.05093249016321579
ck_f6aea576cde8d592,0.0010963406765982183
ck_f6b7a10d47dd9a1f,0.03435826770290539
ck_f6c42001b84a10cb,0.22693134522744876
ck_f6c909c205767956,0.032824247127599675
ck_f6e9d14dfb6f3c28,0.019203348602913943
ck_f7112818a6d81422,0.025435622477406095
ck_f71a4094e889c3af,0.0028873573946211198
ck_f7276091bf513d22,0.0012577711998518319
ck_f7285b92648c1c81,0.005610126019601224
ck_f72a5a3b0d6c1177,0.0011554727452720548
ck_f7305b3c64cf8a03,0.06850883735167809
ck_f73273e220296be8,0.012915679701677068
ck_f736cffbdb82db34,0.0015720522311916869
ck_f738b633b8862d18,0.0008297123047126947
ck_f744e208183971f8,0.003197108546829878
ck_f7485cba392bc294,0.19998292815745214
ck_f761b7650a0c1a85,0.012741408784348368
ck_f76d929541ed41dd,0.025008619887900523
ck_f77dfe6512eae322,0.022157173167839758
ck_f781539b1042dc83,0.0021767254099700826
ck_f786cbc987b70930,0.0021882188952541725
ck_f790d91e5ff0eccd,0.6171093458059984
ck_f792586ad0381eac,0.01173073937854408
ck_f7a07283345a0dce,0.003617363861964945
ck_f7a7f8f5903617c5,0.02770165178496948
ck_f7bc569b37e8bdda,0.02317564643407259
ck_f7bde7265053364d,0.012226034724226174
ck_f7c6c26ef3c4ae06,0.03141782632465249
ck_f7e53af3c91fec64,0.023549273780719394
ck_f7e958a286ae3b57,0.003339691218878433
ck_f7fbc95ebf584379,0.017329878681161696
ck_f7fc1bd0b9ab1fa4,0.013535972507534327
ck_f7ff94c3df5ac874,0.03939315174674822
ck_f80af368cfc6cb7e,0.020919055629864732
ck_f8124911450fdf31,0.8954041407707697
ck_f81a97d350397306,0.027827379080086447
ck_f823407ace7ff064,0.05619821239186676
ck_f824b326d5089885,0.5124383832756865
ck_f85155ca5c312c7b,0.03712627608822036
ck_f8540cf3a8b2f8c9,0.038248224779030775
ck_f854fba8f4adae3d,0.06773247728529803
ck_f878b68d66fbfd4b,0.001036808467453421
ck_f87d66946252476c,0.07942305220428296
ck_f88028c3f306bc70,0.02066499910537455
ck_f88c79186a082beb,0.028216002991588936
ck_f89719a854fe11d7,0.023460136508305144
ck_f8ac3a0500c0ec62,0.013490094963523361
ck_f8b3cdffef535330,0.09219562317485432
ck_f8b6069d7577fde6,0.002054053922179379
ck_f8dc8473c2772729,0.059362280772741305
ck_f8f6a03613b6dda8,0.007663875509369827
ck_f90293f1eba5d7b6,0.06281040096215225
ck_f908b527c4db422d,0.02687174661042865
ck_f917c82af80e4a79,0.11846733928128549
ck_f9197b070416f443,0.0058103202457141625
ck_f91d48c40337d375,0.011792833517847798
ck_f928dba0d587d7c1,0.0012042049617691196
ck_f92cd37022b0ce21,0.021409399331808902
ck_f92e04024bf13558,0.00046269371311241235
ck_f948e8a8fdd79b4e,0.025058195300818157
ck_f9604adde929beff,0.007186140678903944
ck_f96db2a1f3448d1f,0.015216984627079948
ck_f97c477986043755,0.0020369621519022814
ck_f99738dff854e25f,0.001016583415659919
ck_f99bc1732ce5e999,0.009116773458219499
ck_f9a68da9e0f0bc85,0.006132618742202302
ck_f9b439c9161c3e52,0.005904635126957268
ck_f9c4f8b4ce2691f0,0.026953648317395357
ck_f9d481aa4f9b2808,0.5952245307324409
ck_f9d8b4813a88c1e6,0.005260182551950387
ck_f9f93d1d41be1468,0.6352126388154056
ck_f9fc468915afe49c,0.08998322304032683
ck_fa00aa0f3e859904,0.021602799265999093
ck_fa04ac31e596e7d6,0.03984228977215029
ck_fa0b234481cb57d3,0.06266930268747703
ck_fa0ecbcf9a33d6ce,0.00348781857010508
ck_fa24db9d416ab904,0.011927155091920097
ck_fa321945ebedb916,0.026842661567537698
ck_fa3a766e49dc77ae,0.0049288930792772195
ck_fa3b1e85d27af2ee,0.10101529859209016
ck_fa4211c4d826d830,0.002006617220911086
ck_fa4b60387d744fc5,0.0037518388587048177
ck_fa5830d81bc8ddc1,0.0017639564295605595
ck_fa5ba9ed9ed6a343,0.049594996277712224
ck_fa7d5be26bf7b31c,0.17784206866708951
ck_fa7de64d37287615,0.047220574530417246
ck_fa80da579ea9afc0,0.00942172955828694
ck_fa8a4a9e77799fcc,0.0024219189569833354
ck_faab769cce19879a,0.03044415383963849
ck_fab4f2f8531b4827,0.013248940217954084
ck_fac046ce336fe39d,0.01336258033269617
ck_fac32d76ed40f683,0.017545029084340906
ck_fae7e518a585fa61,0.026114704538516505
ck_faeb0da678bb86c0,0.008387245331263584
ck_fb00aae4e17740c5,0.002431532974189327
ck_fb00dd5021642507,0.01899297992666294
ck_fb04ecbaebb774bd,0.014732164351381714
ck_fb0c138c003e933a,0.0016339476279193935
ck_fb0cf32c4a56f740,0.029507181651050242
ck_fb2a35571ec719d4,0.08379219905168601
ck_fb3b68b4424b5f92,0.10754330133079253
ck_fb44d15fb93a7157,0.06492711997172738
ck_fb4797045077bc6d,0.003793663732964235
ck_fb6e06ca88519dcd,0.013882606495614989
ck_fb90408f4892a21f,0.02208442860552286
ck_fba15647b3a140d9,0.014274111465936979
ck_fbdac0221bc03f66,0.006124250203072562
ck_fbf630c960194033,0.027045567703069758
ck_fbf7351958ad9615,0.01635738392049818
ck_fbff7b5da8111567,0.0046410185726996605
ck_fc0cc4b25e6a8194,0.009681203300099899
ck_fc2a6e27b10b10e9,0.0024775316353211068
ck_fc2cb29918631f10,0.07283645012428201
ck_fc3d95030b81f416,0.0005448641113923059
ck_fc40a16adfced018,0.0020050056643954994
ck_fc418f53ce4aa579,0.9222387878570497
ck_fc4a43f8876bf10f,0.17962489336011966
ck_fc4bfd6e739bddea,0.003864322617548696
ck_fc5ea49518e5d637,0.01388819791156867
ck_fc60f42c68c7024f,0.04266898528217095
ck_fc6fed6ea96a004a,0.015338273856546021
ck_fc7445ec76389a58,0.30360476912920736
ck_fc7935f784a4f249,0.005137291113637608
ck_fc7a9d0643570053,0.002766013912342111
ck_fc832b0c90c9bdb9,0.946902694408152
ck_fc8cd8a8209e802d,0.011279628278735342
ck_fc9f16df35190eb4,0.14332173040455604
ck_fca2798914627dc8,0.12245068317277992
ck_fca478361870a4ca,0.03485106659868536
ck_fca7cc9c42695453,0.0072940823382561205
ck_fcb2a559474c3493,0.05419812717815238
ck_fcc2059a8d5c41fa,0.1667015272396249
ck_fcdb4fe2f095fba1,0.03549458311954641
ck_fce0610c527e2b56,0.039014625487562155
ck_fce0b6855886a0b8,0.013675147128078526
ck_fcf5b8216d0c18ef,0.004791251107773833
ck_fcf5d4a4748cdd53,0.00596030366993621
ck_fcfe06e44d09a344,0.02473908719918177
ck_fd038a7d33a9d6e5,0.005217512610383119
ck_fd0483639811f62e,0.3002605222899548
ck_fd242b18575e3063,0.10939916762917669
ck_fd44e34af620e606,0.04806985012377378
ck_fd4582e3853ef23f,0.013506445862434902
ck_fd4cf578e87703ff,0.014685665819299998
ck_fd5609bd23a1eaf8,0.004115683991409096
ck_fd78f8a8663646d7,0.006804595817900009
ck_fd84507228467b40,0.06528618122577337
ck_fdcb1d9265d8fec1,0.050352458857713445
ck_fdda581aec411010,0.0008989323848726854
ck_fdeaa1cd085691f0,0.009761566405593272
ck_fdf0c5b722d83464,0.0025856750800507143
ck_fdf89dc69f700f84,0.11978612365074301
ck_fe037765aa465c58,0.005113334361935481
ck_fe0a9372c9372de9,0.005184117375670679
ck_fe1b1adae3be70a6,0.7305770176105745
ck_fe2fc7d6e5d83f09,0.002389240031138192
ck_fe33eb743d714c03,0.01248032867584746
ck_fe3b67041dad2dd1,0.0012477407559333994
ck_fe3c1d0ac090d960,0.05183518351101101
ck_fe429ba3e1aa0e4f,0.01512868008532367
ck_fe43da07608b1749,0.022188187144982094
ck_fe6e168cdbb46b9a,0.11207545046168749
ck_fe8e5a6c880ceb4e,0.010033291477420315
ck_fec0ff92fd622253,0.014001927542605463
ck_fec888a7108ca52d,0.9805998337671875
ck_fecb39c82c43e76d,0.011602808865890771
ck_fef850553862aaca,0.0052956419836082185
ck_fefc49a2b8ad993e,0.021149420064730567
ck_ff090498c4b17ac3,0.008669750926790159
ck_ff182f033134dbb8,0.04567381911526576
ck_ff24776280ceeeed,0.005159127918357476
ck_ff30dda2c881a4bd,0.40555664527400165
ck_ff3998d6858daa21,0.0017789029505469603
ck_ff42557857ae3aeb,0.0007566593800638549
ck_ff45764ea7d6619f,0.037454185907799066
ck_ff6a6d3547dd2d37,0.007101979658334597
ck_ff7c26a62bda8089,0.001929841616417036
ck_ff7e31ff8ba731e5,0.008541720252449333
ck_ff8059ae5fa5f1ee,0.0006555233415618488
ck_ff822700f3605e06,0.9995791282852262
ck_ffb4d892c5158201,0.0011963560111568302
ck_ffc8e3c1377d0706,0.0041467983490750615
ck_ffe2aa26f597e552,0.00802417455348439
ck_ffe91d6f0bd93fc6,0.039673514800724695
ck_fff9fdc2adf5100b,0.9280790113899788
ck_fffa0622344a36ab,0.0019601762079523386
